GEOID,NAME,variable,population,moe,edu_less_than_hs_pct,disability_pct,linguistic_isolation_pct,female_headed_family_pct,child_poverty_pct,child_poverty_moe,unemployment_pct,lf_participation_pct,total_population,year,xgb_pred,smoothed_pred
24013505101,Census Tract 5051.01; Carroll County; Maryland,B01003_001,4042,415,0.006,0.122,0.008,0.168,0,4,0.023,0.702,4042,2023,0.0677595138549805,0.0837689715539791
24013505208,Census Tract 5052.08; Carroll County; Maryland,B01003_001,4892,327,0.003,0.085,0.005,0.25,0.02,3.1,0.018,0.667,4892,2023,0.0786108300089836,0.0749311070213137
24017850711,Census Tract 8507.11; Charles County; Maryland,B01003_001,5180,740,0.001,0.067,0.063,0.417,0.04,4.3,0.055,0.707,5180,2023,0.103578083217144,0.107151693014293
24021750600,Census Tract 7506; Frederick County; Maryland,B01003_001,2848,329,0,0.104,0.015,0.357,0,9.7,0.026,0.557,2848,2023,0.178178146481514,0.15463549459614
24021750100,Census Tract 7501; Frederick County; Maryland,B01003_001,1698,244,0.014,0.122,0.013,0.291,0.296,31.9,0.022,0.795,1698,2023,0.191084802150726,0.169579354540379
24025301602,Census Tract 3016.02; Harford County; Maryland,B01003_001,7722,749,0.008,0.134,0.03,0.172,0.069,9,0.053,0.676,7722,2023,0.0736164078116417,0.100476768069917
24025306100,Census Tract 3061; Harford County; Maryland,B01003_001,4016,410,0.055,0.191,0.003,0.375,0.348,27,0.033,0.555,4016,2023,0.228116691112518,0.114585497345012
24027606804,Census Tract 6068.04; Howard County; Maryland,B01003_001,2984,215,0.013,0.036,0.047,0.147,0,7.3,0.018,0.793,2984,2023,0.0472795478999615,0.114641074076106
24027606604,Census Tract 6066.04; Howard County; Maryland,B01003_001,4699,461,0.044,0.076,0.136,0.25,0.189,14.1,0.066,0.709,4699,2023,0.104245483875275,0.122034287308833
24027606603,Census Tract 6066.03; Howard County; Maryland,B01003_001,8811,1175,0.068,0.115,0.102,0.256,0.059,7.6,0.053,0.704,8811,2023,0.121069446206093,0.102824904513687
24031701503,Census Tract 7015.03; Montgomery County; Maryland,B01003_001,6766,804,0.094,0.04,0.23,0.258,0.154,17,0.036,0.648,6766,2023,0.127003908157349,0.139727049169403
24031703000,Census Tract 7030; Montgomery County; Maryland,B01003_001,1798,218,0.043,0.086,0.078,0.22,0.179,21.1,0.014,0.758,1798,2023,0.0955403596162796,0.135771714487151
24031702402,Census Tract 7024.02; Montgomery County; Maryland,B01003_001,4503,553,0.034,0.09,0.143,0.319,0.017,2.6,0.039,0.742,4503,2023,0.0915047377347946,0.145720569529891
24031702101,Census Tract 7021.01; Montgomery County; Maryland,B01003_001,6561,877,0.148,0.098,0.334,0.261,0.241,14.8,0.067,0.683,6561,2023,0.161667391657829,0.156390352487635
24031705902,Census Tract 7059.02; Montgomery County; Maryland,B01003_001,4300,480,0,0.091,0.067,0.093,0.008,1.4,0.037,0.662,4300,2023,0.0495134145021439,0.0850214910025627
24031701701,Census Tract 7017.01; Montgomery County; Maryland,B01003_001,3579,356,0.019,0.12,0.085,0.38,0.085,6.6,0.066,0.667,3579,2023,0.128614485263824,0.137396803935408
24031701101,Census Tract 7011.01; Montgomery County; Maryland,B01003_001,4758,504,0.075,0.063,0.228,0.216,0.038,4.7,0.042,0.786,4758,2023,0.0896386429667473,0.132977274217225
24031700811,Census Tract 7008.11; Montgomery County; Maryland,B01003_001,4694,710,0.103,0.109,0.213,0.22,0.183,16.3,0.087,0.723,4694,2023,0.143526241183281,0.147569123485858
24039930200,Census Tract 9302; Somerset County; Maryland,B01003_001,1468,218,0.103,0.255,0.004,0.245,0.085,10.6,0.05,0.524,1468,2023,0.214731529355049,0.187107272650612
24043000400,Census Tract 4; Washington County; Maryland,B01003_001,1607,329,0.029,0.322,0.026,0.47,0.299,25.7,0.055,0.513,1607,2023,0.389459609985352,0.231484167721093
24047951400,Census Tract 9514; Worcester County; Maryland,B01003_001,3387,479,0.018,0.134,0.007,0.202,0.095,8.8,0.085,0.625,3387,2023,0.122567892074585,0.167119388517505
24510151200,Census Tract 1512; Baltimore city; Maryland,B01003_001,3406,774,0.047,0.261,0,0.478,0.076,12.1,0.087,0.489,3406,2023,0.302327543497086,0.279231962380258
24510270702,Census Tract 2707.02; Baltimore city; Maryland,B01003_001,2194,333,0.043,0.14,0.023,0.279,0.039,6.5,0.086,0.756,2194,2023,0.163897395133972,0.178020757078267
24510272004,Census Tract 2720.04; Baltimore city; Maryland,B01003_001,3961,912,0.02,0.115,0.052,0.403,0.024,3,0.025,0.624,3961,2023,0.129670202732086,0.158575948778846
24510270501,Census Tract 2705.01; Baltimore city; Maryland,B01003_001,4388,677,0.028,0.107,0.055,0.263,0.035,5,0.032,0.702,4388,2023,0.0922045111656189,0.128953255991256
24510090700,Census Tract 907; Baltimore city; Maryland,B01003_001,2714,989,0.029,0.156,0.01,0.606,0.45,40.3,0.201,0.535,2714,2023,0.519673228263855,0.29539403890658
24510180300,Census Tract 1803; Baltimore city; Maryland,B01003_001,1706,295,0.064,0.111,0,0.588,0.472,33,0.04,0.789,1706,2023,0.311282217502594,0.33865793467038
24510270703,Census Tract 2707.03; Baltimore city; Maryland,B01003_001,3237,734,0.028,0.155,0.009,0.197,0.064,8.8,0.02,0.663,3237,2023,0.0785863623023033,0.146339302758914
24510010300,Census Tract 103; Baltimore city; Maryland,B01003_001,1931,252,0.004,0.06,0.015,0.264,0,22.2,0.021,0.935,1931,2023,0.257744133472443,0.165328693502471
24510060300,Census Tract 603; Baltimore city; Maryland,B01003_001,1568,241,0.08,0.049,0.127,0.33,0.402,29.4,0.036,0.783,1568,2023,0.201342940330505,0.212364056379726
24510260203,Census Tract 2602.03; Baltimore city; Maryland,B01003_001,2670,341,0.025,0.156,0.039,0.585,0.438,23.4,0.058,0.615,2670,2023,0.299398154020309,0.19625748683163
24510270701,Census Tract 2707.01; Baltimore city; Maryland,B01003_001,2166,341,0.047,0.168,0.125,0.364,0,10.9,0,0.745,2166,2023,0.170935362577438,0.156751327443133
24510271101,Census Tract 2711.01; Baltimore city; Maryland,B01003_001,2741,450,0.069,0.187,0.037,0.366,0.075,10,0.083,0.577,2741,2023,0.290843337774277,0.206853171680871
24510090500,Census Tract 905; Baltimore city; Maryland,B01003_001,1360,252,0.038,0.229,0.024,0.546,0.074,10.4,0.121,0.578,1360,2023,0.31272503733635,0.322314030433802
24510190300,Census Tract 1903; Baltimore city; Maryland,B01003_001,2128,451,0.067,0.199,0.037,0.647,0.031,9.1,0.051,0.535,2128,2023,0.408916711807251,0.333709157846329
24510230100,Census Tract 2301; Baltimore city; Maryland,B01003_001,2131,394,0.01,0.159,0.018,0.509,0.075,11.9,0,0.762,2131,2023,0.169072061777115,0.149298625501556
24510070400,Census Tract 704; Baltimore city; Maryland,B01003_001,1465,370,0.016,0.208,0.088,0.595,0,20.5,0.175,0.518,1465,2023,0.541608929634094,0.349724861215018
24045010800,Census Tract 108; Wicomico County; Maryland,B01003_001,5673,830,0.021,0.146,0.019,0.25,0.049,5.5,0.066,0.599,5673,2023,0.121267519891262,0.110735071522971
24045000200,Census Tract 2; Wicomico County; Maryland,B01003_001,1809,239,0.046,0.15,0.013,0.33,0.128,15.1,0.054,0.594,1809,2023,0.229339957237244,0.213835796391172
24003702500,Census Tract 7025; Anne Arundel County; Maryland,B01003_001,7192,1343,0.056,0.108,0.085,0.265,0.068,9.4,0.034,0.69,7192,2023,0.126237258315086,0.0976084234446619
24003706402,Census Tract 7064.02; Anne Arundel County; Maryland,B01003_001,3426,456,0.026,0.088,0.007,0.383,0.029,4.7,0.04,0.72,3426,2023,0.119691103696823,0.167312850812021
24003740104,Census Tract 7401.04; Anne Arundel County; Maryland,B01003_001,8564,759,0.042,0.092,0.079,0.235,0.124,13.6,0.081,0.718,8564,2023,0.125160187482834,0.0714230573688933
24003751000,Census Tract 7510; Anne Arundel County; Maryland,B01003_001,3838,496,0.014,0.147,0.05,0.284,0.056,6.8,0.094,0.696,3838,2023,0.139882877469063,0.129284735622641
24005440400,Census Tract 4404; Baltimore County; Maryland,B01003_001,5692,804,0.06,0.151,0.042,0.337,0.024,3,0.076,0.711,5692,2023,0.188690885901451,0.125597705742726
24005441101,Census Tract 4411.01; Baltimore County; Maryland,B01003_001,2206,388,0.038,0.104,0.124,0.254,0.058,6.4,0.071,0.573,2206,2023,0.184056118130684,0.182261630202614
24005408502,Census Tract 4085.02; Baltimore County; Maryland,B01003_001,5602,647,0.012,0.138,0.014,0.214,0,4.6,0.018,0.488,5602,2023,0.0716304779052734,0.108897439078864
24005402404,Census Tract 4024.04; Baltimore County; Maryland,B01003_001,5302,1037,0.036,0.136,0.1,0.44,0.121,13.3,0.053,0.66,5302,2023,0.144910126924515,0.13619017721572
24005490603,Census Tract 4906.03; Baltimore County; Maryland,B01003_001,2449,292,0.028,0.092,0.054,0.295,0.052,6.2,0.038,0.698,2449,2023,0.145877495408058,0.136343021917642
24005450400,Census Tract 4504; Baltimore County; Maryland,B01003_001,2510,300,0.059,0.115,0.022,0.243,0.02,2.2,0.034,0.596,2510,2023,0.134963735938072,0.203471065606116
24005452500,Census Tract 4525; Baltimore County; Maryland,B01003_001,4182,605,0.081,0.219,0.02,0.267,0.274,14.2,0.049,0.607,4182,2023,0.210071489214897,0.168235122205747
24005430104,Census Tract 4301.04; Baltimore County; Maryland,B01003_001,3134,841,0.171,0.14,0.162,0.16,0.018,2.5,0.012,0.569,3134,2023,0.182946637272835,0.224027245233438
24005411307,Census Tract 4113.07; Baltimore County; Maryland,B01003_001,3431,497,0.004,0.064,0.055,0.31,0.334,18.9,0.007,0.697,3431,2023,0.0745965614914894,0.125932297220978
24005491202,Census Tract 4912.02; Baltimore County; Maryland,B01003_001,1805,219,0.015,0.108,0.084,0.37,0.078,17.8,0.025,0.724,1805,2023,0.170708864927292,0.18505210844984
24033801600,Census Tract 8016; Prince George's County; Maryland,B01003_001,2617,555,0.04,0.1,0.14,0.375,0.078,10.9,0.027,0.82,2617,2023,0.143303945660591,0.213940471752126
24033805602,Census Tract 8056.02; Prince George's County; Maryland,B01003_001,6430,1106,0.597,0.014,0.749,0.17,0.485,18.5,0.107,0.747,6430,2023,0.346667259931564,0.20934342498429
24033807304,Census Tract 8073.04; Prince George's County; Maryland,B01003_001,2078,435,0.147,0.11,0.405,0.18,0.188,17.7,0.031,0.593,2078,2023,0.171608537435532,0.216309671478234
24033804101,Census Tract 8041.01; Prince George's County; Maryland,B01003_001,2957,430,0.011,0.065,0.145,0.339,0.049,5.1,0.116,0.696,2957,2023,0.134768456220627,0.194779294791197
24033802002,Census Tract 8020.02; Prince George's County; Maryland,B01003_001,4109,1044,0.007,0.113,0.019,0.35,0.005,1.4,0.117,0.775,4109,2023,0.140662357211113,0.149259670656529
24033800209,Census Tract 8002.09; Prince George's County; Maryland,B01003_001,4005,588,0.109,0.096,0.214,0.421,0.231,18.7,0.063,0.774,4005,2023,0.164106816053391,0.152212486775383
24033803527,Census Tract 8035.27; Prince George's County; Maryland,B01003_001,3502,658,0.015,0.113,0.027,0.492,0.198,19.5,0.086,0.647,3502,2023,0.165230393409729,0.149792407727835
24033806000,Census Tract 8060; Prince George's County; Maryland,B01003_001,6432,823,0.266,0.061,0.422,0.262,0.152,12.4,0.027,0.842,6432,2023,0.234592869877815,0.152506430208876
24033802600,Census Tract 8026; Prince George's County; Maryland,B01003_001,3203,521,0.022,0.123,0.049,0.479,0.225,29.9,0.088,0.723,3203,2023,0.165230393409729,0.179256725371596
24033801216,Census Tract 8012.16; Prince George's County; Maryland,B01003_001,3916,724,0.105,0.125,0.109,0.284,0.243,22.7,0.076,0.568,3916,2023,0.208951994776726,0.162811672894902
24031701221,Census Tract 7012.21; Montgomery County; Maryland,B01003_001,4365,498,0.017,0.084,0.18,0.324,0.189,11.8,0.046,0.68,4365,2023,0.095630407333374,0.0913523369645691
24031700822,Census Tract 7008.22; Montgomery County; Maryland,B01003_001,1514,204,0.052,0.098,0.194,0.335,0.398,23.7,0,0.705,1514,2023,0.18939982354641,0.180660578629584
24031701601,Census Tract 7016.01; Montgomery County; Maryland,B01003_001,2110,406,0.107,0.053,0.23,0.382,0.278,19.9,0.072,0.838,2110,2023,0.21402470767498,0.227307676871718
24510100100,Census Tract 1001; Baltimore city; Maryland,B01003_001,1428,447,0.15,0.285,0.017,0.591,0.139,17.7,0.171,0.489,1428,2023,0.46173682808876,0.382831859630165
24025306500,Census Tract 3065; Harford County; Maryland,B01003_001,2570,517,0.007,0.105,0.036,0.229,0,5.3,0.04,0.793,2570,2023,0.0686329305171967,0.128651077165879
24019970900,Census Tract 9709; Dorchester County; Maryland,B01003_001,1223,190,0.155,0.201,0.059,0.208,0.055,9.3,0.049,0.574,1223,2023,0.16825670003891,0.213579664619729
24005440300,Census Tract 4403; Baltimore County; Maryland,B01003_001,2009,243,0.026,0.094,0.164,0.338,0.02,3.8,0.022,0.763,2009,2023,0.17187537252903,0.239151259658335
24027602201,Census Tract 6022.01; Howard County; Maryland,B01003_001,3810,410,0.002,0.079,0.065,0.092,0.035,6.1,0.051,0.711,3810,2023,0.0522280670702457,0.0861304783371045
24027606607,Census Tract 6066.07; Howard County; Maryland,B01003_001,4420,441,0.015,0.084,0.073,0.232,0,4.7,0.027,0.718,4420,2023,0.0676326677203178,0.133094536868185
24021750505,Census Tract 7505.05; Frederick County; Maryland,B01003_001,7628,1028,0.143,0.074,0.192,0.322,0.088,12.7,0.049,0.793,7628,2023,0.122549034655094,0.0947011999082177
24003740701,Census Tract 7407.01; Anne Arundel County; Maryland,B01003_001,6821,891,0.004,0.102,0.058,0.391,0,2.4,0.016,0.691,6821,2023,0.105434693396091,0.0830195045332247
24003731207,Census Tract 7312.07; Anne Arundel County; Maryland,B01003_001,3325,427,0.003,0.041,0.007,0.106,0,4.4,0.023,0.701,3325,2023,0.0341607518494129,0.107918970213703
24003730605,Census Tract 7306.05; Anne Arundel County; Maryland,B01003_001,3040,545,0.011,0.144,0.024,0.204,0.184,14.8,0.047,0.61,3040,2023,0.0893477946519852,0.0963634492618652
24003731107,Census Tract 7311.07; Anne Arundel County; Maryland,B01003_001,3369,560,0,0.045,0.011,0.125,0.062,9.7,0,0.584,3369,2023,0.0196070354431868,0.10537191761339
24003730507,Census Tract 7305.07; Anne Arundel County; Maryland,B01003_001,4416,711,0.023,0.168,0.033,0.198,0.019,3.6,0.074,0.692,4416,2023,0.112596347928047,0.161346615580377
24005411413,Census Tract 4114.13; Baltimore County; Maryland,B01003_001,2835,556,0.01,0.367,0,0.574,0,41.1,0,0.089,2835,2023,0.659070551395416,0.146051656579112
24021751905,Census Tract 7519.05; Frederick County; Maryland,B01003_001,4299,705,0,0.111,0.043,0.174,0.006,1.2,0.012,0.807,4299,2023,0.0640044808387756,0.0850592430608686
24031700836,Census Tract 7008.36; Montgomery County; Maryland,B01003_001,1391,568,0,0.078,0.274,0.376,0,13.5,0.033,0.822,1391,2023,0.399109393358231,0.14369918346673
24033800218,Census Tract 8002.18; Prince George's County; Maryland,B01003_001,7312,1441,0.014,0.103,0.182,0.325,0.388,25.1,0.074,0.788,7312,2023,0.139432162046433,0.10334642116637
24027605403,Census Tract 6054.03; Howard County; Maryland,B01003_001,3776,705,0.02,0.111,0.171,0.361,0.109,12.3,0.119,0.758,3776,2023,0.152514144778252,0.13137998306896
24003702100,Census Tract 7021; Anne Arundel County; Maryland,B01003_001,6572,777,0.01,0.093,0.003,0.189,0,3.5,0.02,0.663,6572,2023,0.0592067800462246,0.0676103498532713
24003740900,Census Tract 7409; Anne Arundel County; Maryland,B01003_001,8287,1016,0.007,0.111,0.048,0.214,0.103,9.7,0.057,0.715,8287,2023,0.068130150437355,0.0827546946049931
24003750803,Census Tract 7508.03; Anne Arundel County; Maryland,B01003_001,6742,765,0.034,0.207,0.058,0.345,0.145,14.6,0.075,0.762,6742,2023,0.221150308847427,0.101710073654829
24033803516,Census Tract 8035.16; Prince George's County; Maryland,B01003_001,4497,564,0.032,0.077,0.074,0.513,0,4.7,0.076,0.763,4497,2023,0.145405054092407,0.130365862657774
24033801808,Census Tract 8018.08; Prince George's County; Maryland,B01003_001,3463,404,0.006,0.082,0.059,0.459,0.235,19.6,0.085,0.728,3463,2023,0.137909576296806,0.196825723874292
24033802104,Census Tract 8021.04; Prince George's County; Maryland,B01003_001,1962,294,0.02,0.199,0.039,0.565,0.328,23.1,0.072,0.631,1962,2023,0.29759293794632,0.196763883872086
24033803524,Census Tract 8035.24; Prince George's County; Maryland,B01003_001,5608,1238,0.03,0.105,0.095,0.557,0.169,17.3,0.092,0.761,5608,2023,0.152551993727684,0.177322365175846
24033801006,Census Tract 8010.06; Prince George's County; Maryland,B01003_001,5381,1447,0.018,0.13,0.088,0.204,0.054,8.1,0.098,0.674,5381,2023,0.0980701372027397,0.0932651226186067
24033803803,Census Tract 8038.03; Prince George's County; Maryland,B01003_001,6244,1084,0.216,0.121,0.358,0.369,0.096,9.6,0.105,0.735,6244,2023,0.240274950861931,0.166943598799407
24003730300,Census Tract 7303; Anne Arundel County; Maryland,B01003_001,3674,769,0.066,0.145,0.137,0.316,0.065,9.5,0.058,0.672,3674,2023,0.143478125333786,0.173090480021358
24033801801,Census Tract 8018.01; Prince George's County; Maryland,B01003_001,2044,274,0.011,0.094,0.036,0.65,0.351,36.2,0.092,0.7,2044,2023,0.354193389415741,0.202791282522339
24033801209,Census Tract 8012.09; Prince George's County; Maryland,B01003_001,4308,493,0.057,0.108,0.068,0.372,0.131,12.5,0.065,0.606,4308,2023,0.18631212413311,0.140465607157031
24033801005,Census Tract 8010.05; Prince George's County; Maryland,B01003_001,3999,444,0.023,0.105,0.013,0.307,0,6.5,0.056,0.698,3999,2023,0.0918338745832443,0.128613843434583
24033803508,Census Tract 8035.08; Prince George's County; Maryland,B01003_001,3842,490,0.128,0.111,0.155,0.334,0.366,18.5,0.092,0.719,3842,2023,0.194140747189522,0.203732788005257
24033800403,Census Tract 8004.03; Prince George's County; Maryland,B01003_001,4136,512,0.021,0.078,0.05,0.206,0.096,10.1,0.035,0.698,4136,2023,0.07034732401371,0.117084429058817
24033805801,Census Tract 8058.01; Prince George's County; Maryland,B01003_001,3962,627,0.251,0.056,0.39,0.18,0.115,12,0.085,0.673,3962,2023,0.241460755467415,0.226404368610338
24033805201,Census Tract 8052.01; Prince George's County; Maryland,B01003_001,4902,1167,0.214,0.043,0.502,0.2,0.069,6.2,0.038,0.731,4902,2023,0.155915588140488,0.148347586381321
24033803002,Census Tract 8030.02; Prince George's County; Maryland,B01003_001,2588,479,0.072,0.154,0.103,0.4,0.038,6.2,0.093,0.65,2588,2023,0.216350421309471,0.19741039185827
24033803607,Census Tract 8036.07; Prince George's County; Maryland,B01003_001,3688,779,0.068,0.157,0.166,0.263,0.067,8.1,0.088,0.644,3688,2023,0.17150342464447,0.170264696172931
24005430800,Census Tract 4308; Baltimore County; Maryland,B01003_001,4084,471,0.016,0.083,0.021,0.228,0.019,3,0.044,0.755,4084,2023,0.0662216544151306,0.190379843123161
24005430300,Census Tract 4303; Baltimore County; Maryland,B01003_001,5969,951,0.054,0.116,0.022,0.475,0.452,26,0,0.612,5969,2023,0.155024439096451,0.121531966603574
24005430200,Census Tract 4302; Baltimore County; Maryland,B01003_001,2910,421,0.159,0.191,0.063,0.336,0.026,6.3,0.056,0.654,2910,2023,0.217460304498672,0.182911695849227
24005420600,Census Tract 4206; Baltimore County; Maryland,B01003_001,4420,789,0.083,0.168,0.072,0.404,0.397,25.4,0.036,0.602,4420,2023,0.191798374056816,0.167016291371861
24005403500,Census Tract 4035; Baltimore County; Maryland,B01003_001,6046,714,0.011,0.102,0.051,0.18,0.092,9.2,0.086,0.579,6046,2023,0.110185943543911,0.122314336930199
24005492101,Census Tract 4921.01; Baltimore County; Maryland,B01003_001,4237,534,0.051,0.13,0.034,0.335,0.019,3.6,0.08,0.661,4237,2023,0.174164667725563,0.118368466870483
24005402303,Census Tract 4023.03; Baltimore County; Maryland,B01003_001,6498,800,0.014,0.096,0.041,0.486,0.023,3.6,0.054,0.709,6498,2023,0.132078230381012,0.128960238871529
24005490400,Census Tract 4904; Baltimore County; Maryland,B01003_001,1940,339,0.004,0.087,0.007,0.251,0.07,9,0.026,0.527,1940,2023,0.120960257947445,0.150158696419261
24005402505,Census Tract 4025.05; Baltimore County; Maryland,B01003_001,2943,450,0.045,0.214,0.026,0.532,0.23,21.7,0.007,0.695,2943,2023,0.271392047405243,0.155754918422249
24005403202,Census Tract 4032.02; Baltimore County; Maryland,B01003_001,2382,304,0.008,0.153,0.004,0.384,0.303,24.9,0.075,0.598,2382,2023,0.214470684528351,0.216301224318573
24005490602,Census Tract 4906.02; Baltimore County; Maryland,B01003_001,3012,388,0.016,0.051,0.027,0.334,0.187,24.3,0.012,0.789,3012,2023,0.107958056032658,0.106275108903266
24005491000,Census Tract 4910; Baltimore County; Maryland,B01003_001,2454,319,0.01,0.026,0.015,0.109,0,5.3,0.035,0.716,2454,2023,0.0419126078486443,0.121457242531016
24005491500,Census Tract 4915; Baltimore County; Maryland,B01003_001,3941,611,0.017,0.111,0.011,0.41,0.149,19.1,0.031,0.73,3941,2023,0.121403522789478,0.167840239691925
24005490302,Census Tract 4903.02; Baltimore County; Maryland,B01003_001,3406,477,0.028,0.134,0.033,0.293,0.318,27.8,0.041,0.577,3406,2023,0.114547200500965,0.143856974128572
24005451300,Census Tract 4513; Baltimore County; Maryland,B01003_001,3370,613,0.096,0.151,0.07,0.325,0.206,18.8,0.07,0.593,3370,2023,0.2374587059021,0.144674557151788
24005401302,Census Tract 4013.02; Baltimore County; Maryland,B01003_001,2892,552,0.015,0.134,0.018,0.448,0.206,26.3,0.101,0.639,2892,2023,0.173473432660103,0.150638540695802
24005400800,Census Tract 4008; Baltimore County; Maryland,B01003_001,3167,507,0.038,0.077,0.102,0.342,0.061,8.1,0.08,0.625,3167,2023,0.164095103740692,0.146642212121151
24005450504,Census Tract 4505.04; Baltimore County; Maryland,B01003_001,6507,1286,0.013,0.148,0.02,0.463,0.281,18.8,0.073,0.781,6507,2023,0.157814517617226,0.126318650258315
24005403601,Census Tract 4036.01; Baltimore County; Maryland,B01003_001,4839,985,0,0.097,0.081,0.088,0,3.1,0.023,0.673,4839,2023,0.0495134145021439,0.110759416034094
24005402306,Census Tract 4023.06; Baltimore County; Maryland,B01003_001,4413,798,0.046,0.088,0.077,0.497,0.178,14.7,0.045,0.736,4413,2023,0.156147211790085,0.15265179714764
24021750200,Census Tract 7502; Frederick County; Maryland,B01003_001,1992,327,0.026,0.103,0.004,0.378,0.526,28.7,0,0.759,1992,2023,0.141855120658875,0.176424477434832
24031703800,Census Tract 7038; Montgomery County; Maryland,B01003_001,4046,465,0.081,0.067,0.121,0.403,0.102,13.2,0.026,0.779,4046,2023,0.126415848731995,0.134100973616176
24031703601,Census Tract 7036.01; Montgomery County; Maryland,B01003_001,4753,589,0.039,0.13,0.122,0.268,0.01,1.6,0.035,0.726,4753,2023,0.107440948486328,0.131465715457431
24031703602,Census Tract 7036.02; Montgomery County; Maryland,B01003_001,2483,333,0.019,0.098,0.063,0.175,0.024,3.9,0.038,0.625,2483,2023,0.0884413793683052,0.15098293021938
24031700819,Census Tract 7008.19; Montgomery County; Maryland,B01003_001,6340,726,0.046,0.1,0.197,0.176,0,3,0.01,0.727,6340,2023,0.0951275378465652,0.128783474463719
24031701800,Census Tract 7018; Montgomery County; Maryland,B01003_001,4513,703,0.025,0.096,0.151,0.265,0.098,8.4,0.026,0.71,4513,2023,0.095630407333374,0.134626835701918
24031701602,Census Tract 7016.02; Montgomery County; Maryland,B01003_001,7229,1024,0.239,0.046,0.373,0.23,0.173,11.4,0.089,0.764,7229,2023,0.180514991283417,0.162886212588836
24031702602,Census Tract 7026.02; Montgomery County; Maryland,B01003_001,5055,819,0.024,0.109,0.151,0.368,0.04,5.2,0.06,0.882,5055,2023,0.175753489136696,0.154740601696149
24031703206,Census Tract 7032.06; Montgomery County; Maryland,B01003_001,3691,362,0.061,0.066,0.15,0.199,0,6.6,0.051,0.7,3691,2023,0.0869858488440514,0.163857031463485
24031703301,Census Tract 7033.01; Montgomery County; Maryland,B01003_001,5104,954,0.174,0.144,0.282,0.325,0.055,5.7,0.1,0.705,5104,2023,0.240839138627052,0.148123414366509
24031704501,Census Tract 7045.01; Montgomery County; Maryland,B01003_001,3333,280,0,0.063,0.083,0.143,0,5.3,0.041,0.704,3333,2023,0.0372460447251797,0.119410787271111
24031703402,Census Tract 7034.02; Montgomery County; Maryland,B01003_001,4204,1204,0.131,0.096,0.33,0.164,0.042,6.1,0.035,0.736,4204,2023,0.138137668371201,0.150974741971579
24031701102,Census Tract 7011.02; Montgomery County; Maryland,B01003_001,5689,841,0.056,0.071,0.242,0.328,0.149,17.6,0.045,0.743,5689,2023,0.141534611582756,0.127331536528858
24031704806,Census Tract 7048.06; Montgomery County; Maryland,B01003_001,4100,468,0.004,0.064,0.065,0.385,0.092,13.6,0.01,0.787,4100,2023,0.0928806141018867,0.111195166380105
24031706005,Census Tract 7060.05; Montgomery County; Maryland,B01003_001,4474,420,0.016,0.07,0.062,0.166,0.015,2.5,0.032,0.596,4474,2023,0.0696024671196938,0.117536432681801
24037876001,Census Tract 8760.01; St. Mary's County; Maryland,B01003_001,5586,716,0.016,0.166,0.034,0.362,0.131,11,0.07,0.711,5586,2023,0.165025487542152,0.088246187066427
24043000800,Census Tract 8; Washington County; Maryland,B01003_001,3750,537,0.068,0.277,0.045,0.391,0.593,19.5,0.093,0.514,3750,2023,0.311391979455948,0.209274857571871
24043000602,Census Tract 6.02; Washington County; Maryland,B01003_001,3155,358,0.027,0.248,0.025,0.319,0,12.1,0.146,0.601,3155,2023,0.290509670972824,0.192213001078076
24025303206,Census Tract 3032.06; Harford County; Maryland,B01003_001,3622,362,0.007,0.088,0,0.111,0.051,6.1,0.007,0.679,3622,2023,0.049142774194479,0.111121235304184
24025301302,Census Tract 3013.02; Harford County; Maryland,B01003_001,8231,1301,0.03,0.129,0.018,0.405,0.201,11.4,0.117,0.799,8231,2023,0.143288299441338,0.0876293799894969
24025303602,Census Tract 3036.02; Harford County; Maryland,B01003_001,3496,304,0.014,0.082,0.026,0.259,0.014,2.2,0.02,0.571,3496,2023,0.0853014141321182,0.108139664454157
24025303502,Census Tract 3035.02; Harford County; Maryland,B01003_001,3313,347,0.017,0.047,0.002,0.138,0,5.3,0.016,0.672,3313,2023,0.0395013391971588,0.127906659756556
24027605401,Census Tract 6054.01; Howard County; Maryland,B01003_001,5250,894,0.022,0.11,0.092,0.401,0.057,7.5,0.017,0.706,5250,2023,0.11661335080862,0.125976119309
24027606704,Census Tract 6067.04; Howard County; Maryland,B01003_001,6703,625,0.027,0.15,0.069,0.384,0.143,12.2,0.049,0.676,6703,2023,0.131386086344719,0.0915967494575475
24510270502,Census Tract 2705.02; Baltimore city; Maryland,B01003_001,3679,571,0.04,0.212,0.008,0.428,0.042,5.1,0.063,0.646,3679,2023,0.218060985207558,0.130261926627369
24510150900,Census Tract 1509; Baltimore city; Maryland,B01003_001,3052,535,0.034,0.151,0.006,0.546,0.092,14.6,0,0.564,3052,2023,0.170153886079788,0.300436324722392
24510250303,Census Tract 2503.03; Baltimore city; Maryland,B01003_001,1842,466,0.095,0.264,0.028,0.416,0.408,25.6,0.061,0.423,1842,2023,0.334085017442703,0.346752879260733
24510271802,Census Tract 2718.02; Baltimore city; Maryland,B01003_001,2188,431,0.053,0.225,0.005,0.581,0.45,29.4,0.119,0.567,2188,2023,0.44231441617012,0.289694825410201
24510120201,Census Tract 1202.01; Baltimore city; Maryland,B01003_001,1842,314,0,0.068,0.015,0.298,0.109,14,0.032,0.714,1842,2023,0.151959359645844,0.250158160845755
24510170300,Census Tract 1703; Baltimore city; Maryland,B01003_001,1941,323,0.087,0.274,0.073,0.648,0.475,26,0.128,0.545,1941,2023,0.514140546321869,0.392816547548818
24510200702,Census Tract 2007.02; Baltimore city; Maryland,B01003_001,1125,393,0.043,0.237,0.012,0.628,0.421,47.4,0.056,0.474,1125,2023,0.425982415676117,0.270181903576262
24510271700,Census Tract 2717; Baltimore city; Maryland,B01003_001,4226,696,0.088,0.254,0.019,0.576,0.41,33.9,0.078,0.55,4226,2023,0.369126737117767,0.254966228278762
24510270600,Census Tract 2706; Baltimore city; Maryland,B01003_001,4170,525,0.018,0.161,0.041,0.428,0.085,12.4,0.067,0.671,4170,2023,0.140426054596901,0.153788007224764
24510261000,Census Tract 2610; Baltimore city; Maryland,B01003_001,2275,534,0.017,0.14,0.043,0.417,0.489,38.7,0.044,0.637,2275,2023,0.185059055685997,0.183452347231835
24510200500,Census Tract 2005; Baltimore city; Maryland,B01003_001,1861,566,0.217,0.295,0.098,0.609,0.599,31.3,0.169,0.635,1861,2023,0.552616536617279,0.365792721959468
24510200800,Census Tract 2008; Baltimore city; Maryland,B01003_001,2096,446,0.089,0.167,0,0.399,0.124,20.1,0.11,0.594,2096,2023,0.250605195760727,0.268625449532722
24510260800,Census Tract 2608; Baltimore city; Maryland,B01003_001,1758,425,0.144,0.146,0.126,0.403,0.347,43.2,0.025,0.733,1758,2023,0.190865725278854,0.187746768697322
24510010500,Census Tract 105; Baltimore city; Maryland,B01003_001,1691,213,0.004,0.101,0.003,0.312,0.111,12.7,0.061,0.777,1691,2023,0.204847723245621,0.198344750306932
24510260403,Census Tract 2604.03; Baltimore city; Maryland,B01003_001,1273,212,0.051,0.169,0.005,0.544,0,46.6,0.048,0.668,1273,2023,0.161599978804588,0.271914346794305
24510270302,Census Tract 2703.02; Baltimore city; Maryland,B01003_001,1878,359,0.008,0.099,0.003,0.479,0.217,20.2,0.054,0.691,1878,2023,0.206815093755722,0.174005424330976
24510130200,Census Tract 1302; Baltimore city; Maryland,B01003_001,2306,375,0,0.116,0.01,0.551,0.18,26.4,0.092,0.698,2306,2023,0.207762822508812,0.225891259342575
24510120600,Census Tract 1206; Baltimore city; Maryland,B01003_001,2580,335,0.011,0.317,0.005,0.329,0.265,36.6,0.136,0.557,2580,2023,0.314352095127106,0.199663793151384
24510272007,Census Tract 2720.07; Baltimore city; Maryland,B01003_001,3534,483,0.063,0.202,0.129,0.491,0.247,17.9,0.091,0.638,3534,2023,0.225468650460243,0.175286647484915
24510150702,Census Tract 1507.02; Baltimore city; Maryland,B01003_001,1685,315,0.039,0.296,0,0.65,0.772,26.3,0.167,0.519,1685,2023,0.62122368812561,0.328890863330196
24510090400,Census Tract 904; Baltimore city; Maryland,B01003_001,1252,347,0.024,0.242,0.008,0.559,0.441,33,0.06,0.48,1252,2023,0.353595703840256,0.279396511488051
24510250102,Census Tract 2501.02; Baltimore city; Maryland,B01003_001,3175,741,0.016,0.151,0.005,0.562,0.187,16.5,0.114,0.732,3175,2023,0.192146435379982,0.21253353840747
24510020100,Census Tract 201; Baltimore city; Maryland,B01003_001,1756,258,0.021,0.078,0.032,0.272,0.095,15,0.017,0.851,1756,2023,0.120112210512161,0.214514751734272
24045000300,Census Tract 3; Wicomico County; Maryland,B01003_001,1267,411,0.205,0.089,0.379,0.401,0.479,28,0.084,0.645,1267,2023,0.370370537042618,0.227986570164689
24045000500,Census Tract 5; Wicomico County; Maryland,B01003_001,2698,531,0.035,0.175,0.084,0.38,0.281,27.7,0.157,0.762,2698,2023,0.255762666463852,0.210385482340919
24013507801,Census Tract 5078.01; Carroll County; Maryland,B01003_001,6403,937,0.042,0.114,0.008,0.304,0.297,18,0.04,0.664,6403,2023,0.108481325209141,0.0970735551420201
24013507704,Census Tract 5077.04; Carroll County; Maryland,B01003_001,6531,683,0.006,0.091,0.015,0.178,0.078,9.3,0.018,0.701,6531,2023,0.0592067800462246,0.106563850565857
24015030400,Census Tract 304; Cecil County; Maryland,B01003_001,5330,654,0.089,0.301,0.002,0.423,0.442,25.1,0.125,0.43,5330,2023,0.27639439702034,0.114101377645394
24017850901,Census Tract 8509.01; Charles County; Maryland,B01003_001,6234,885,0.036,0.118,0.059,0.363,0.269,16.2,0.115,0.736,6234,2023,0.159897640347481,0.103839666255342
24017850801,Census Tract 8508.01; Charles County; Maryland,B01003_001,4641,531,0.036,0.13,0.028,0.243,0,3.4,0.027,0.625,4641,2023,0.116741001605988,0.140450264338906
24019970500,Census Tract 9705; Dorchester County; Maryland,B01003_001,4013,528,0.068,0.217,0.046,0.47,0.527,21.6,0.063,0.435,4013,2023,0.333962708711624,0.140812085451483
24019970702,Census Tract 9707.02; Dorchester County; Maryland,B01003_001,4016,443,0.025,0.185,0.015,0.178,0.219,21,0.001,0.573,4016,2023,0.109454989433289,0.164868015552585
24001000600,Census Tract 6; Allegany County; Maryland,B01003_001,2829,351,0.022,0.192,0,0.453,0.149,15.3,0.031,0.517,2829,2023,0.244997471570969,0.281117860296713
24031701315,Census Tract 7013.15; Montgomery County; Maryland,B01003_001,4225,420,0.009,0.069,0.074,0.361,0.079,10.4,0.016,0.773,4225,2023,0.0901659578084946,0.108358479034945
24031704403,Census Tract 7044.03; Montgomery County; Maryland,B01003_001,1508,196,0.008,0.12,0.102,0.562,0,23,0.059,0.647,1508,2023,0.229899525642395,0.130888909205483
24031700823,Census Tract 7008.23; Montgomery County; Maryland,B01003_001,3243,389,0.029,0.098,0.146,0.272,0.212,19.4,0.068,0.729,3243,2023,0.0942193940281868,0.119949385147244
24031701216,Census Tract 7012.16; Montgomery County; Maryland,B01003_001,5685,473,0.02,0.08,0.143,0.499,0.086,12.5,0.051,0.716,5685,2023,0.135504126548767,0.110569253291001
24031701218,Census Tract 7012.18; Montgomery County; Maryland,B01003_001,2732,191,0.011,0.167,0.16,0.54,0.034,5,0.033,0.56,2732,2023,0.250578075647354,0.1493823905297
24031701422,Census Tract 7014.22; Montgomery County; Maryland,B01003_001,2553,508,0.019,0.065,0.208,0.339,0.101,10.5,0.05,0.845,2553,2023,0.136505022644997,0.156657882232415
24031703213,Census Tract 7032.13; Montgomery County; Maryland,B01003_001,6589,1035,0.14,0.056,0.468,0.365,0.167,11.1,0.117,0.864,6589,2023,0.217512369155884,0.164336107427881
24005492402,Census Tract 4924.02; Baltimore County; Maryland,B01003_001,6793,804,0.024,0.092,0.029,0.409,0.125,14.4,0.097,0.75,6793,2023,0.140535518527031,0.118436432780839
24005492401,Census Tract 4924.01; Baltimore County; Maryland,B01003_001,4249,723,0.034,0.097,0.031,0.341,0.003,0.6,0.054,0.765,4249,2023,0.115936070680618,0.158322192385041
24005420702,Census Tract 4207.02; Baltimore County; Maryland,B01003_001,2491,516,0.115,0.104,0.179,0.302,0.469,24.2,0.047,0.592,2491,2023,0.179172992706299,0.233064173589228
24027601105,Census Tract 6011.05; Howard County; Maryland,B01003_001,5498,680,0.005,0.045,0.068,0.231,0.072,6.9,0.03,0.809,5498,2023,0.0431843884289265,0.0923430120251547
24027606904,Census Tract 6069.04; Howard County; Maryland,B01003_001,4494,478,0.017,0.068,0.101,0.202,0.047,7,0.045,0.724,4494,2023,0.0485249757766724,0.112966944209771
24021750802,Census Tract 7508.02; Frederick County; Maryland,B01003_001,6359,700,0.004,0.146,0.029,0.266,0.159,22.9,0.078,0.67,6359,2023,0.131827637553215,0.0895332214895487
24021750801,Census Tract 7508.01; Frederick County; Maryland,B01003_001,3070,702,0.012,0.164,0.048,0.384,0.048,8.8,0.028,0.713,3070,2023,0.12829227745533,0.156424043814934
24021751001,Census Tract 7510.01; Frederick County; Maryland,B01003_001,2073,270,0.015,0.056,0.096,0.263,0.229,13.3,0.044,0.711,2073,2023,0.108077347278595,0.158695433721582
24021752202,Census Tract 7522.02; Frederick County; Maryland,B01003_001,4017,352,0.01,0.054,0.069,0.152,0,3.3,0.068,0.718,4017,2023,0.0500247105956078,0.0833653654225703
24003702209,Census Tract 7022.09; Anne Arundel County; Maryland,B01003_001,3995,508,0.007,0.044,0.01,0.139,0.01,1.4,0.032,0.795,3995,2023,0.0300350841134787,0.119741069896704
24003706700,Census Tract 7067; Anne Arundel County; Maryland,B01003_001,1708,264,0.015,0.026,0.022,0.096,0,18.9,0.049,0.934,1708,2023,0.277359664440155,0.153250920136773
24017850708,Census Tract 8507.08; Charles County; Maryland,B01003_001,5728,873,0.02,0.081,0.065,0.184,0.081,6.9,0.087,0.778,5728,2023,0.0881063938140869,0.102994653839541
24047950000,Census Tract 9500; Worcester County; Maryland,B01003_001,1919,305,0.035,0.156,0.069,0.346,0.335,29.8,0.076,0.736,1919,2023,0.234845846891403,0.164566156997295
24510271503,Census Tract 2715.03; Baltimore city; Maryland,B01003_001,914,164,0.014,0.138,0.009,0.456,0,36.7,0,0.491,914,2023,0.371928215026855,0.196392923616523
24510040200,Census Tract 402; Baltimore city; Maryland,B01003_001,1334,275,0.006,0.079,0.057,0.41,0.792,38.7,0.042,0.668,1334,2023,0.282735645771027,0.325844889564472
24510080400,Census Tract 804; Baltimore city; Maryland,B01003_001,852,198,0.015,0.17,0,0.608,0,17.1,0.062,0.746,852,2023,0.534619510173798,0.394263440265684
24510080700,Census Tract 807; Baltimore city; Maryland,B01003_001,973,235,0.032,0.103,0.036,0.527,0.741,27.3,0.11,0.703,973,2023,0.490079790353775,0.387654125576659
24033800705,Census Tract 8007.05; Prince George's County; Maryland,B01003_001,5054,996,0.006,0.114,0.008,0.206,0.026,4.3,0.054,0.696,5054,2023,0.0650448575615883,0.108080073442265
24025301705,Census Tract 3017.05; Harford County; Maryland,B01003_001,2523,310,0.003,0.075,0.016,0.255,0.099,15.5,0.019,0.829,2523,2023,0.0739657953381538,0.135974211017767
24015030507,Census Tract 305.07; Cecil County; Maryland,B01003_001,4268,505,0.018,0.104,0.08,0.362,0.31,17.3,0.022,0.607,4268,2023,0.142992928624153,0.137928229264956
24005490304,Census Tract 4903.04; Baltimore County; Maryland,B01003_001,4271,623,0,0.044,0.019,0.506,0.158,25.1,0.042,0.732,4271,2023,0.108383603394032,0.136716293766747
24003706403,Census Tract 7064.03; Anne Arundel County; Maryland,B01003_001,4333,1139,0.138,0.084,0.2,0.346,0.226,25.4,0,0.775,4333,2023,0.133353859186172,0.128909410943565
24003730513,Census Tract 7305.13; Anne Arundel County; Maryland,B01003_001,1512,250,0.008,0.163,0.035,0.364,0.367,37.6,0.071,0.724,1512,2023,0.255023419857025,0.209737181413939
24003731205,Census Tract 7312.05; Anne Arundel County; Maryland,B01003_001,4572,578,0.01,0.12,0.01,0.186,0.076,12.1,0.037,0.678,4572,2023,0.0650448575615883,0.0896506021497242
24003731308,Census Tract 7313.08; Anne Arundel County; Maryland,B01003_001,4087,698,0.009,0.148,0.036,0.211,0.043,4.9,0.028,0.595,4087,2023,0.0805292055010796,0.111365636517964
24013514202,Census Tract 5142.02; Carroll County; Maryland,B01003_001,3351,408,0,0.089,0.011,0.124,0.071,6.2,0.021,0.66,3351,2023,0.049142774194479,0.105053491327444
24005400600,Census Tract 4006; Baltimore County; Maryland,B01003_001,2968,549,0.032,0.081,0.041,0.333,0.076,12,0.012,0.745,2968,2023,0.122940070927143,0.139921890885608
24005450200,Census Tract 4502; Baltimore County; Maryland,B01003_001,3298,697,0.047,0.197,0.031,0.353,0.391,41.6,0.019,0.579,3298,2023,0.244612455368042,0.172912016440189
24005403201,Census Tract 4032.01; Baltimore County; Maryland,B01003_001,3433,496,0.028,0.183,0.032,0.343,0,6.1,0.036,0.66,3433,2023,0.156665652990341,0.175602810584424
24005490601,Census Tract 4906.01; Baltimore County; Maryland,B01003_001,2321,332,0.011,0.059,0.007,0.308,0.034,4.6,0.033,0.759,2321,2023,0.118343904614449,0.141585039870058
24005440500,Census Tract 4405; Baltimore County; Maryland,B01003_001,3409,709,0.009,0.107,0.019,0.377,0.022,3.8,0.034,0.642,3409,2023,0.114350512623787,0.169955215721077
24005402302,Census Tract 4023.02; Baltimore County; Maryland,B01003_001,6005,854,0.006,0.083,0.04,0.361,0.109,7.5,0.099,0.727,6005,2023,0.135194927453995,0.141805683159317
24005408702,Census Tract 4087.02; Baltimore County; Maryland,B01003_001,2195,280,0,0.111,0,0.283,0,6.9,0.015,0.63,2195,2023,0.12727677822113,0.165852137294027
24025301703,Census Tract 3017.03; Harford County; Maryland,B01003_001,6156,819,0.024,0.092,0.023,0.1,0.044,5.4,0.043,0.787,6156,2023,0.0507283322513104,0.0850025980537664
24027602305,Census Tract 6023.05; Howard County; Maryland,B01003_001,4254,743,0,0.059,0.08,0.179,0.022,3.8,0.014,0.591,4254,2023,0.0667740553617477,0.0829157600347919
24031704000,Census Tract 7040; Montgomery County; Maryland,B01003_001,6742,1012,0.062,0.065,0.131,0.395,0.099,13.8,0.046,0.768,6742,2023,0.132987663149834,0.0884583529331234
24031703702,Census Tract 7037.02; Montgomery County; Maryland,B01003_001,4448,702,0.095,0.066,0.269,0.207,0.182,16.2,0.014,0.696,4448,2023,0.127212092280388,0.149058838465739
24031703209,Census Tract 7032.09; Montgomery County; Maryland,B01003_001,5921,639,0.04,0.134,0.13,0.36,0.208,19.8,0.06,0.7,5921,2023,0.153950095176697,0.117405383195185
24031703100,Census Tract 7031; Montgomery County; Maryland,B01003_001,4782,608,0.092,0.08,0.179,0.208,0.054,5.9,0.11,0.739,4782,2023,0.133562490344048,0.090961766946892
24031700834,Census Tract 7008.34; Montgomery County; Maryland,B01003_001,5118,1117,0.06,0.073,0.164,0.472,0.389,33.3,0.064,0.784,5118,2023,0.152426168322563,0.123831728458629
24039930500,Census Tract 9305; Somerset County; Maryland,B01003_001,3830,390,0.031,0.119,0,0.275,0.107,11.8,0.039,0.552,3830,2023,0.105975657701492,0.171015483226281
24041960400,Census Tract 9604; Talbot County; Maryland,B01003_001,6164,707,0.083,0.161,0.094,0.39,0.1,9.1,0.028,0.584,6164,2023,0.182511910796165,0.126711016545034
24043000100,Census Tract 1; Washington County; Maryland,B01003_001,3939,453,0.041,0.191,0.009,0.329,0.184,14,0.1,0.639,3939,2023,0.19621454179287,0.201519433172214
24510280200,Census Tract 2802; Baltimore city; Maryland,B01003_001,5178,1163,0.025,0.193,0.073,0.284,0.145,11.3,0.048,0.524,5178,2023,0.173208251595497,0.199471447031196
24510260102,Census Tract 2601.02; Baltimore city; Maryland,B01003_001,5455,670,0.047,0.096,0.011,0.396,0.246,18.8,0.072,0.676,5455,2023,0.169770538806915,0.146665790210256
24510060200,Census Tract 602; Baltimore city; Maryland,B01003_001,2329,361,0.046,0.133,0.071,0.438,0.233,30.9,0.107,0.751,2329,2023,0.229243382811546,0.222668699459735
24510271002,Census Tract 2710.02; Baltimore city; Maryland,B01003_001,3650,530,0.083,0.214,0.056,0.51,0.133,12.1,0.166,0.618,3650,2023,0.339033514261246,0.212962492551849
24510160400,Census Tract 1604; Baltimore city; Maryland,B01003_001,1454,450,0.036,0.274,0.013,0.304,0.033,5.8,0.021,0.427,1454,2023,0.258881837129593,0.375744223796141
24510240300,Census Tract 2403; Baltimore city; Maryland,B01003_001,1873,251,0,0.104,0.008,0.227,0,28,0.028,0.841,1873,2023,0.0963312014937401,0.185200700968058
24510210100,Census Tract 2101; Baltimore city; Maryland,B01003_001,2050,418,0.044,0.131,0.036,0.355,0.37,31.1,0.053,0.796,2050,2023,0.198973670601845,0.206462722534212
24033803519,Census Tract 8035.19; Prince George's County; Maryland,B01003_001,6320,842,0.021,0.112,0.01,0.441,0.014,2.3,0.086,0.698,6320,2023,0.147413969039917,0.168003925078663
24033803514,Census Tract 8035.14; Prince George's County; Maryland,B01003_001,4949,545,0.008,0.096,0.011,0.556,0.092,14.8,0.057,0.82,4949,2023,0.119526669383049,0.169434955528849
24033803801,Census Tract 8038.01; Prince George's County; Maryland,B01003_001,2500,322,0.152,0.05,0.285,0.252,0.091,6.8,0.081,0.706,2500,2023,0.154322519898415,0.244363926066937
24033800505,Census Tract 8005.05; Prince George's County; Maryland,B01003_001,2569,312,0.019,0.181,0.073,0.248,0.029,3.6,0.035,0.632,2569,2023,0.141734659671783,0.154210561031797
24033805500,Census Tract 8055; Prince George's County; Maryland,B01003_001,4004,668,0.463,0.045,0.586,0.21,0.251,17.4,0.057,0.764,4004,2023,0.295008391141892,0.197307547026581
24033800109,Census Tract 8001.09; Prince George's County; Maryland,B01003_001,4376,713,0.16,0.081,0.302,0.313,0.285,22.7,0.052,0.756,4376,2023,0.181980207562447,0.122741406331867
24031700732,Census Tract 7007.32; Montgomery County; Maryland,B01003_001,2991,525,0.275,0.083,0.427,0.439,0.186,25.1,0.023,0.777,2991,2023,0.198248684406281,0.196183028860369
24031700316,Census Tract 7003.16; Montgomery County; Maryland,B01003_001,3978,911,0.031,0.058,0.173,0.182,0.069,9.1,0.015,0.627,3978,2023,0.069133386015892,0.104048878011888
24031700839,Census Tract 7008.39; Montgomery County; Maryland,B01003_001,5000,526,0.012,0.053,0.116,0.368,0.166,13.2,0.062,0.811,5000,2023,0.0994524136185646,0.175385867363166
24027601206,Census Tract 6012.06; Howard County; Maryland,B01003_001,4247,365,0.012,0.068,0.024,0.164,0,3.3,0.045,0.757,4247,2023,0.0431843884289265,0.112415721276003
24037876004,Census Tract 8760.04; St. Mary's County; Maryland,B01003_001,7336,841,0.003,0.115,0.037,0.214,0.05,5.3,0.025,0.763,7336,2023,0.0640044808387756,0.0831838382627659
24037875903,Census Tract 8759.03; St. Mary's County; Maryland,B01003_001,2931,546,0.03,0.088,0.012,0.33,0.272,21.6,0.03,0.763,2931,2023,0.119854785501957,0.14023639225311
24021751002,Census Tract 7510.02; Frederick County; Maryland,B01003_001,5737,759,0,0.048,0.037,0.489,0.275,13.6,0.049,0.623,5737,2023,0.113183081150055,0.117924303198546
24003731206,Census Tract 7312.06; Anne Arundel County; Maryland,B01003_001,3811,914,0.003,0.115,0.009,0.124,0,3.8,0.007,0.706,3811,2023,0.0549808442592621,0.0879625016862245
24043011203,Census Tract 112.03; Washington County; Maryland,B01003_001,5335,736,0.048,0.144,0.048,0.341,0.102,11.3,0.028,0.617,5335,2023,0.160636439919472,0.15872511534904
24039930800,Census Tract 9308; Somerset County; Maryland,B01003_001,5658,412,0.028,0.172,0.015,0.293,0.042,6,0.054,0.211,5658,2023,0.112747699022293,0.132744262966789
24001001402,Census Tract 14.02; Allegany County; Maryland,B01003_001,1469,249,0.023,0.181,0,0.167,0.045,6.7,0.027,0.612,1469,2023,0.143229767680168,0.226713884236273
24025301202,Census Tract 3012.02; Harford County; Maryland,B01003_001,7962,990,0.002,0.074,0.071,0.314,0.083,9.3,0.026,0.69,7962,2023,0.0758780315518379,0.0521605999207189
24033800516,Census Tract 8005.16; Prince George's County; Maryland,B01003_001,3715,627,0.022,0.089,0.031,0.435,0,8.1,0.099,0.729,3715,2023,0.143250167369843,0.136572911856731
24031700826,Census Tract 7008.26; Montgomery County; Maryland,B01003_001,6116,738,0,0.117,0.024,0.313,0.005,0.9,0.022,0.722,6116,2023,0.0927019938826561,0.0671599429043603
24003740107,Census Tract 7401.07; Anne Arundel County; Maryland,B01003_001,4251,998,0.005,0.041,0.07,0.144,0.142,21.7,0.042,0.693,4251,2023,0.0345313921570778,0.125495161815831
24027601107,Census Tract 6011.07; Howard County; Maryland,B01003_001,5600,762,0.054,0.063,0.194,0.195,0.057,4.9,0.026,0.734,5600,2023,0.0801455229520798,0.094243341780041
24003702204,Census Tract 7022.04; Anne Arundel County; Maryland,B01003_001,4796,668,0.009,0.057,0.011,0.307,0,2.6,0.029,0.72,4796,2023,0.0687966123223305,0.0961452091954659
24017850906,Census Tract 8509.06; Charles County; Maryland,B01003_001,5576,838,0.011,0.135,0.094,0.383,0.087,9.8,0.02,0.702,5576,2023,0.116759017109871,0.128223470518452
24027606706,Census Tract 6067.06; Howard County; Maryland,B01003_001,5054,527,0.005,0.084,0.093,0.229,0,4.3,0.067,0.69,5054,2023,0.0622920766472817,0.10834797333279
24031700725,Census Tract 7007.25; Montgomery County; Maryland,B01003_001,6292,946,0.239,0.107,0.389,0.158,0.075,10.1,0.164,0.743,6292,2023,0.172351703047752,0.166473583690558
24005450300,Census Tract 4503; Baltimore County; Maryland,B01003_001,3334,598,0.088,0.178,0.021,0.244,0.15,16.8,0.029,0.576,3334,2023,0.173974484205246,0.183075721260883
24510030100,Census Tract 301; Baltimore city; Maryland,B01003_001,1614,386,0.061,0.118,0.029,0.296,0.689,33.1,0.151,0.676,1614,2023,0.268677234649658,0.266576024460077
24005402405,Census Tract 4024.05; Baltimore County; Maryland,B01003_001,4167,764,0.068,0.075,0.108,0.309,0.067,7.9,0.054,0.66,4167,2023,0.109413281083107,0.192789331248082
24017851502,Census Tract 8515.02; Charles County; Maryland,B01003_001,6490,780,0.034,0.089,0.024,0.366,0.069,7.1,0.075,0.734,6490,2023,0.140535518527031,0.0913722071264385
24003702402,Census Tract 7024.02; Anne Arundel County; Maryland,B01003_001,7909,654,0.01,0.13,0.047,0.322,0.1,12.8,0.031,0.623,7909,2023,0.0902905091643333,0.0894987182125481
24033802406,Census Tract 8024.06; Prince George's County; Maryland,B01003_001,2191,319,0.039,0.125,0.06,0.324,0.261,24.3,0.07,0.7,2191,2023,0.179684653878212,0.170806662102283
24033805802,Census Tract 8058.02; Prince George's County; Maryland,B01003_001,4623,698,0.301,0.054,0.515,0.296,0.115,11.1,0.067,0.724,4623,2023,0.234592869877815,0.193371102219831
24033806708,Census Tract 8067.08; Prince George's County; Maryland,B01003_001,3932,409,0.029,0.123,0.099,0.476,0,9.1,0.03,0.661,3932,2023,0.131344497203827,0.181218508869296
24031701423,Census Tract 7014.23; Montgomery County; Maryland,B01003_001,5718,896,0.014,0.135,0.088,0.383,0.2,15,0.053,0.776,5718,2023,0.12726041674614,0.103156473701389
24031705701,Census Tract 7057.01; Montgomery County; Maryland,B01003_001,4657,532,0.018,0.053,0.048,0.185,0,3.5,0.091,0.669,4657,2023,0.0772500485181809,0.100587235008118
24031701004,Census Tract 7010.04; Montgomery County; Maryland,B01003_001,4762,539,0.035,0.13,0.093,0.264,0.068,7.9,0.025,0.679,4762,2023,0.111566618084908,0.125197711198174
24025303900,Census Tract 3039; Harford County; Maryland,B01003_001,2518,291,0.019,0.094,0.021,0.181,0.164,14.9,0.014,0.657,2518,2023,0.0780991911888123,0.14422634547474
24027606803,Census Tract 6068.03; Howard County; Maryland,B01003_001,5917,608,0.004,0.067,0.06,0.324,0.054,7.2,0.032,0.754,5917,2023,0.0677562355995178,0.0761302505277944
24510120300,Census Tract 1203; Baltimore city; Maryland,B01003_001,3496,651,0.027,0.203,0.016,0.364,0.307,35.4,0.061,0.726,3496,2023,0.211915791034698,0.213389095978164
24510260402,Census Tract 2604.02; Baltimore city; Maryland,B01003_001,3510,733,0.066,0.146,0.053,0.588,0.246,17.8,0.027,0.588,3510,2023,0.253646701574326,0.232171637774708
24510080102,Census Tract 801.02; Baltimore city; Maryland,B01003_001,1658,342,0.026,0.23,0.014,0.48,0.374,25.3,0.109,0.429,1658,2023,0.361214250326157,0.329760814167096
24021750507,Census Tract 7505.07; Frederick County; Maryland,B01003_001,4290,676,0.163,0.087,0.277,0.305,0,3.3,0,0.735,4290,2023,0.149669915437698,0.127638998377552
24009860403,Census Tract 8604.03; Calvert County; Maryland,B01003_001,3873,362,0.008,0.139,0.013,0.37,0.028,3.3,0,0.656,3873,2023,0.0976365357637405,0.0986673566223528
24510200300,Census Tract 2003; Baltimore city; Maryland,B01003_001,977,190,0.055,0.249,0.013,0.572,0.098,16.3,0.058,0.408,977,2023,0.498657733201981,0.383606798534931
24003702703,Census Tract 7027.03; Anne Arundel County; Maryland,B01003_001,2576,500,0,0.107,0.02,0.53,0,18.5,0.015,0.856,2576,2023,0.146894529461861,0.164708461435439
24021750506,Census Tract 7505.06; Frederick County; Maryland,B01003_001,5287,931,0.077,0.11,0.134,0.103,0.026,3.1,0.056,0.692,5287,2023,0.0888867080211639,0.110762349262646
24005411412,Census Tract 4114.12; Baltimore County; Maryland,B01003_001,3716,552,0.072,0.087,0.158,0.512,0.387,23.1,0.083,0.697,3716,2023,0.191012859344482,0.205851290841747
24003731201,Census Tract 7312.01; Anne Arundel County; Maryland,B01003_001,6437,994,0.017,0.086,0.014,0.265,0,2.5,0.016,0.666,6437,2023,0.0891192182898521,0.0624515891640052
24005450503,Census Tract 4505.03; Baltimore County; Maryland,B01003_001,6116,1089,0.082,0.075,0.038,0.314,0.468,24.9,0.089,0.76,6116,2023,0.129887014627457,0.139997538301801
24033800210,Census Tract 8002.10; Prince George's County; Maryland,B01003_001,3330,572,0.083,0.095,0.24,0.432,0.04,4.6,0.046,0.808,3330,2023,0.150271281599998,0.159884480263831
24033801908,Census Tract 8019.08; Prince George's County; Maryland,B01003_001,3057,661,0.061,0.139,0.052,0.434,0.143,13.7,0.052,0.828,3057,2023,0.16698831319809,0.200814250411008
24033805907,Census Tract 8059.07; Prince George's County; Maryland,B01003_001,3713,680,0.092,0.06,0.425,0.444,0.301,19.8,0.094,0.762,3713,2023,0.220227017998695,0.190792542932108
24025301601,Census Tract 3016.01; Harford County; Maryland,B01003_001,6586,1047,0,0.164,0.049,0.326,0.058,9.5,0.086,0.773,6586,2023,0.151029974222183,0.103467892663293
24031701415,Census Tract 7014.15; Montgomery County; Maryland,B01003_001,8437,1159,0.033,0.125,0.127,0.34,0.056,6.4,0.083,0.614,8437,2023,0.160841435194016,0.0737643792382448
24510271300,Census Tract 2713; Baltimore city; Maryland,B01003_001,2985,621,0.005,0.06,0.027,0.327,0.043,7.2,0.027,0.672,2985,2023,0.106743134558201,0.178005727429038
24510150500,Census Tract 1505; Baltimore city; Maryland,B01003_001,1732,291,0.026,0.209,0.025,0.602,0.639,26.3,0.061,0.525,1732,2023,0.48548811674118,0.318909768865589
24510090100,Census Tract 901; Baltimore city; Maryland,B01003_001,3710,532,0.013,0.159,0.054,0.421,0.293,24.8,0.09,0.682,3710,2023,0.167740136384964,0.21597497216022
24510271801,Census Tract 2718.01; Baltimore city; Maryland,B01003_001,2348,498,0.069,0.31,0.018,0.388,0.271,32.2,0.07,0.464,2348,2023,0.310726702213287,0.253337773331101
24003740703,Census Tract 7407.03; Anne Arundel County; Maryland,B01003_001,6385,1786,0.011,0.062,0.033,0.221,0,2,0.01,0.721,6385,2023,0.0473100580275059,0.100329376519533
24510200400,Census Tract 2004; Baltimore city; Maryland,B01003_001,948,235,0.053,0.231,0,0.725,0.238,23.8,0.195,0.501,948,2023,0.747789561748505,0.372485155357288
24013505207,Census Tract 5052.07; Carroll County; Maryland,B01003_001,3547,330,0.05,0.059,0.052,0.231,0.067,7.6,0.01,0.755,3547,2023,0.0794342830777168,0.0903949869642219
24021750508,Census Tract 7505.08; Frederick County; Maryland,B01003_001,4377,553,0.055,0.082,0.088,0.409,0.233,20.8,0.027,0.781,4377,2023,0.134844273328781,0.129685566941985
24031701222,Census Tract 7012.22; Montgomery County; Maryland,B01003_001,3396,393,0,0.086,0.135,0.301,0.038,6.2,0.041,0.613,3396,2023,0.0871670916676521,0.121716574264233
24031701220,Census Tract 7012.20; Montgomery County; Maryland,B01003_001,3498,288,0.026,0.103,0.167,0.145,0.011,2.1,0.024,0.675,3498,2023,0.0609945505857468,0.101329210069511
24005440702,Census Tract 4407.02; Baltimore County; Maryland,B01003_001,5351,893,0.012,0.116,0.041,0.355,0.05,4.7,0.059,0.697,5351,2023,0.120559222996235,0.112690744078981
24033800108,Census Tract 8001.08; Prince George's County; Maryland,B01003_001,3741,683,0.059,0.098,0.052,0.504,0.15,18.4,0.015,0.734,3741,2023,0.149575397372246,0.143912977758665
24021750702,Census Tract 7507.02; Frederick County; Maryland,B01003_001,4523,915,0.092,0.169,0.107,0.314,0.164,11.7,0.021,0.595,4523,2023,0.177776679396629,0.123679667835262
24003730800,Census Tract 7308; Anne Arundel County; Maryland,B01003_001,2449,279,0.021,0.096,0.057,0.118,0.011,1.5,0.032,0.634,2449,2023,0.0858140513300896,0.115630045459874
24003731313,Census Tract 7313.13; Anne Arundel County; Maryland,B01003_001,3845,760,0.02,0.098,0.031,0.188,0,5.8,0.004,0.727,3845,2023,0.0662216544151306,0.106187421099165
24033803612,Census Tract 8036.12; Prince George's County; Maryland,B01003_001,3941,586,0.062,0.055,0.138,0.378,0.265,16.1,0.129,0.759,3941,2023,0.157542005181313,0.200955078312688
24031701312,Census Tract 7013.12; Montgomery County; Maryland,B01003_001,6649,910,0.016,0.158,0.103,0.191,0.023,2.9,0.058,0.709,6649,2023,0.0879969671368599,0.0701884946538642
24031700902,Census Tract 7009.02; Montgomery County; Maryland,B01003_001,4283,780,0.076,0.112,0.247,0.145,0.032,4.2,0.032,0.721,4283,2023,0.107928737998009,0.131354928265227
24033802001,Census Tract 8020.01; Prince George's County; Maryland,B01003_001,4707,845,0.013,0.133,0.034,0.459,0.264,32.1,0.081,0.666,4707,2023,0.165025487542152,0.15452725007877
24033800413,Census Tract 8004.13; Prince George's County; Maryland,B01003_001,4252,728,0.017,0.095,0.151,0.381,0.082,9,0.076,0.722,4252,2023,0.148087084293365,0.153774282293758
24005400200,Census Tract 4002; Baltimore County; Maryland,B01003_001,2703,439,0.049,0.067,0.041,0.332,0.138,14.6,0.029,0.75,2703,2023,0.153336137533188,0.198654466684065
24005420800,Census Tract 4208; Baltimore County; Maryland,B01003_001,3193,490,0.025,0.127,0.031,0.28,0.093,12.1,0.088,0.675,3193,2023,0.125356659293175,0.199545571367638
24005403602,Census Tract 4036.02; Baltimore County; Maryland,B01003_001,6286,757,0.02,0.055,0.128,0.383,0,2.1,0.031,0.729,6286,2023,0.104793004691601,0.0948947794652327
24005401504,Census Tract 4015.04; Baltimore County; Maryland,B01003_001,6903,1278,0.035,0.112,0.177,0.288,0.255,18.5,0.08,0.564,6903,2023,0.181157097220421,0.131449852148075
24005400900,Census Tract 4009; Baltimore County; Maryland,B01003_001,2171,538,0.074,0.087,0.222,0.401,0.037,5.3,0.082,0.685,2171,2023,0.21980032324791,0.168831556610599
24001001100,Census Tract 11; Allegany County; Maryland,B01003_001,1423,178,0.025,0.302,0,0.388,0.01,2.2,0.049,0.386,1423,2023,0.275814026594162,0.257907439032599
24027602800,Census Tract 6028; Howard County; Maryland,B01003_001,5967,888,0.026,0.069,0.058,0.262,0.037,5.8,0.056,0.731,5967,2023,0.073096826672554,0.0869099891525971
24510130803,Census Tract 1308.03; Baltimore city; Maryland,B01003_001,2454,369,0.039,0.095,0.033,0.388,0,13,0.004,0.768,2454,2023,0.143303945660591,0.18549712039079
24510190200,Census Tract 1902; Baltimore city; Maryland,B01003_001,1679,452,0.028,0.101,0.06,0.434,0.129,19.3,0.02,0.717,1679,2023,0.211028456687927,0.336302812838661
24510270802,Census Tract 2708.02; Baltimore city; Maryland,B01003_001,5906,1523,0.02,0.065,0,0.576,0.017,3.3,0.035,0.703,5906,2023,0.16871403157711,0.152952192351477
24510260700,Census Tract 2607; Baltimore city; Maryland,B01003_001,2540,543,0.088,0.059,0.187,0.415,0.437,27.7,0.092,0.767,2540,2023,0.184143275022507,0.173711785078254
24510170100,Census Tract 1701; Baltimore city; Maryland,B01003_001,1957,387,0.021,0.12,0.009,0.503,0.277,25.4,0.11,0.615,1957,2023,0.22681525349617,0.277554215149577
24510260604,Census Tract 2606.04; Baltimore city; Maryland,B01003_001,1259,428,0.052,0.174,0.067,0.686,0.571,26.7,0.058,0.53,1259,2023,0.434185177087784,0.221507568429018
24031700313,Census Tract 7003.13; Montgomery County; Maryland,B01003_001,4166,480,0.067,0.078,0.137,0.345,0,4.1,0.089,0.733,4166,2023,0.168730169534683,0.116816227101216
24013508103,Census Tract 5081.03; Carroll County; Maryland,B01003_001,8131,872,0.008,0.128,0.007,0.291,0.008,1,0.037,0.721,8131,2023,0.0896167010068893,0.0487961026097154
24031701223,Census Tract 7012.23; Montgomery County; Maryland,B01003_001,2689,484,0,0.06,0.018,0.377,0,12.8,0.019,0.89,2689,2023,0.129321381449699,0.105742401857955
24031702502,Census Tract 7025.02; Montgomery County; Maryland,B01003_001,1691,360,0.087,0.109,0.172,0.507,0,25.3,0.044,0.763,1691,2023,0.267865121364594,0.199521214896831
24033800522,Census Tract 8005.22; Prince George's County; Maryland,B01003_001,4118,726,0.003,0.033,0,0.168,0,5.2,0.026,0.737,4118,2023,0.0428137481212616,0.135413166423212
24031703901,Census Tract 7039.01; Montgomery County; Maryland,B01003_001,3182,445,0.041,0.045,0.079,0.203,0.054,7.7,0.043,0.824,3182,2023,0.0647636726498604,0.145131914212332
24031703202,Census Tract 7032.02; Montgomery County; Maryland,B01003_001,6291,1646,0.019,0.164,0.117,0.306,0.03,3.9,0.041,0.647,6291,2023,0.103528834879398,0.173697594708982
24023000400,Census Tract 4; Garrett County; Maryland,B01003_001,2665,312,0.059,0.188,0.009,0.221,0.181,12.2,0.099,0.583,2665,2023,0.179751306772232,0.147425018264786
24027602202,Census Tract 6022.02; Howard County; Maryland,B01003_001,5701,546,0.016,0.069,0.124,0.102,0.028,3.5,0.03,0.66,5701,2023,0.0398719795048237,0.0866188791844198
24510271900,Census Tract 2719; Baltimore city; Maryland,B01003_001,3295,507,0.022,0.148,0.031,0.423,0,6,0.106,0.657,3295,2023,0.167740136384964,0.256297710566588
24510080302,Census Tract 803.02; Baltimore city; Maryland,B01003_001,2079,318,0.035,0.247,0,0.679,0.038,7.4,0.125,0.425,2079,2023,0.350582361221314,0.38292744545943
24510260303,Census Tract 2603.03; Baltimore city; Maryland,B01003_001,1304,415,0.1,0.185,0.092,0.66,0.151,28.6,0.022,0.636,1304,2023,0.257751017808914,0.313505746370323
24510240200,Census Tract 2402; Baltimore city; Maryland,B01003_001,2700,395,0.003,0.075,0.007,0.262,0,15.3,0.011,0.853,2700,2023,0.0847199857234955,0.132729563421822
24003731002,Census Tract 7310.02; Anne Arundel County; Maryland,B01003_001,3440,502,0.002,0.075,0.011,0.305,0,5,0.012,0.674,3440,2023,0.0755073949694634,0.095213971494529
24033801410,Census Tract 8014.10; Prince George's County; Maryland,B01003_001,3826,653,0.067,0.062,0.136,0.204,0.093,14.9,0.058,0.719,3826,2023,0.0835599526762962,0.13032157480539
24033802408,Census Tract 8024.08; Prince George's County; Maryland,B01003_001,2041,386,0.041,0.12,0.112,0.442,0.046,7.3,0.106,0.713,2041,2023,0.207541912794113,0.186044168041852
24033804801,Census Tract 8048.01; Prince George's County; Maryland,B01003_001,2662,348,0.138,0.051,0.226,0.376,0.019,3.3,0.019,0.84,2662,2023,0.165336906909943,0.18447928755372
24005452300,Census Tract 4523; Baltimore County; Maryland,B01003_001,3029,572,0.215,0.078,0.242,0.515,0.625,28.4,0.026,0.593,3029,2023,0.198163196444511,0.188507182239153
24005402506,Census Tract 4025.06; Baltimore County; Maryland,B01003_001,4837,543,0.047,0.158,0.019,0.417,0.054,8,0.048,0.657,4837,2023,0.156495437026024,0.164736900727989
24005402503,Census Tract 4025.03; Baltimore County; Maryland,B01003_001,5564,849,0.044,0.143,0.111,0.437,0.309,22.2,0.139,0.632,5564,2023,0.243681624531746,0.145383869352045
24005491201,Census Tract 4912.01; Baltimore County; Maryland,B01003_001,2110,337,0.007,0.139,0.038,0.338,0.168,15.3,0.043,0.747,2110,2023,0.183649942278862,0.189564797146752
24003740502,Census Tract 7405.02; Anne Arundel County; Maryland,B01003_001,4933,724,0.028,0.092,0.103,0.229,0,4.6,0.037,0.838,4933,2023,0.0635069981217384,0.116144566838586
24003731312,Census Tract 7313.12; Anne Arundel County; Maryland,B01003_001,4468,542,0.038,0.158,0.025,0.127,0.036,3.8,0.004,0.739,4468,2023,0.0755766928195953,0.0855828986046361
24017850902,Census Tract 8509.02; Charles County; Maryland,B01003_001,5188,767,0.041,0.127,0.033,0.283,0.123,10.8,0.06,0.654,5188,2023,0.111566618084908,0.12595989100364
24003740602,Census Tract 7406.02; Anne Arundel County; Maryland,B01003_001,3480,482,0.003,0.116,0.041,0.174,0.05,4.2,0.031,0.702,3480,2023,0.0708448067307472,0.13238252434116
24005450800,Census Tract 4508; Baltimore County; Maryland,B01003_001,4291,752,0.071,0.177,0.034,0.477,0.098,9,0.066,0.657,4291,2023,0.203202098608017,0.181831805076803
24005404501,Census Tract 4045.01; Baltimore County; Maryland,B01003_001,6553,814,0.051,0.161,0.114,0.425,0.305,23.7,0.145,0.704,6553,2023,0.183564066886902,0.132773764803727
24005411306,Census Tract 4113.06; Baltimore County; Maryland,B01003_001,5966,865,0.056,0.102,0.106,0.252,0.182,23.7,0.019,0.751,5966,2023,0.11110570281744,0.0941414337869439
24005491600,Census Tract 4916; Baltimore County; Maryland,B01003_001,2773,528,0.023,0.206,0.039,0.479,0.226,15.1,0.057,0.57,2773,2023,0.305506438016892,0.154076427028554
24025303605,Census Tract 3036.05; Harford County; Maryland,B01003_001,6106,944,0.038,0.147,0.035,0.392,0.052,8,0.069,0.639,6106,2023,0.153950095176697,0.066029359155289
24017850710,Census Tract 8507.10; Charles County; Maryland,B01003_001,5794,764,0.016,0.117,0.024,0.215,0.042,4,0.043,0.746,5794,2023,0.0693450719118118,0.104053089667013
24027606606,Census Tract 6066.06; Howard County; Maryland,B01003_001,5300,635,0.09,0.162,0.205,0.315,0.117,11.7,0.052,0.776,5300,2023,0.14485926926136,0.0827966604192016
24031702102,Census Tract 7021.02; Montgomery County; Maryland,B01003_001,3425,598,0,0.061,0.042,0.158,0,4.3,0.028,0.796,3425,2023,0.0458990409970284,0.134410375563094
24047951200,Census Tract 9512; Worcester County; Maryland,B01003_001,3139,502,0.018,0.113,0,0.243,0.153,17.9,0.042,0.676,3139,2023,0.101322740316391,0.135989951121125
24510271001,Census Tract 2710.01; Baltimore city; Maryland,B01003_001,1927,277,0.045,0.323,0.069,0.453,0.403,28.3,0.095,0.608,1927,2023,0.485307782888413,0.223315032963325
24510070100,Census Tract 701; Baltimore city; Maryland,B01003_001,2459,588,0.061,0.177,0.011,0.551,0.528,22.3,0.102,0.445,2459,2023,0.33280411362648,0.226807388755765
24510150701,Census Tract 1507.01; Baltimore city; Maryland,B01003_001,1960,529,0.026,0.156,0.012,0.577,0.245,20.4,0.028,0.6,1960,2023,0.299397975206375,0.352808329081851
24510160300,Census Tract 1603; Baltimore city; Maryland,B01003_001,1546,739,0.026,0.376,0.022,0.315,0.184,26.2,0.231,0.369,1546,2023,0.412728667259216,0.376016398982489
24033802405,Census Tract 8024.05; Prince George's County; Maryland,B01003_001,3501,485,0.009,0.155,0,0.45,0.053,8.6,0.03,0.603,3501,2023,0.120586514472961,0.167446686572511
24033803601,Census Tract 8036.01; Prince George's County; Maryland,B01003_001,3825,641,0.065,0.122,0.192,0.194,0,5.6,0.1,0.694,3825,2023,0.132405355572701,0.184008425819153
24047950700,Census Tract 9507; Worcester County; Maryland,B01003_001,2574,384,0.009,0.117,0.006,0.267,0.062,10.7,0.017,0.532,2574,2023,0.0956332683563232,0.143057507177096
24003706404,Census Tract 7064.04; Anne Arundel County; Maryland,B01003_001,2662,491,0.251,0.124,0.315,0.211,0.021,3.6,0.103,0.819,2662,2023,0.230644628405571,0.165065309122984
24003731210,Census Tract 7312.10; Anne Arundel County; Maryland,B01003_001,2321,606,0.011,0.088,0.019,0.239,0,9.5,0.039,0.691,2321,2023,0.106096014380455,0.118886058827183
24005404102,Census Tract 4041.02; Baltimore County; Maryland,B01003_001,5838,985,0,0.105,0.077,0.295,0.053,9.7,0.095,0.761,5838,2023,0.107337661087513,0.150898420372431
24005408704,Census Tract 4087.04; Baltimore County; Maryland,B01003_001,5294,454,0.004,0.084,0.024,0.172,0,3,0.02,0.672,5294,2023,0.0622920766472817,0.104989884908617
24031702700,Census Tract 7027; Montgomery County; Maryland,B01003_001,7399,1182,0.032,0.057,0.16,0.164,0.084,11,0.022,0.742,7399,2023,0.0519508719444275,0.113233510832926
24510160100,Census Tract 1601; Baltimore city; Maryland,B01003_001,1677,506,0.113,0.32,0.086,0.589,0.426,43.1,0.016,0.45,1677,2023,0.478595077991486,0.451068894861678
24033807410,Census Tract 8074.10; Prince George's County; Maryland,B01003_001,4891,541,0.088,0.239,0.192,0.462,0.464,20.3,0.075,0.472,4891,2023,0.357447385787964,0.153958167191662
24043010803,Census Tract 108.03; Washington County; Maryland,B01003_001,4187,396,0.013,0.156,0.01,0.231,0.086,7.8,0.039,0.611,4187,2023,0.0800698474049568,0.140075718880331
24031704804,Census Tract 7048.04; Montgomery County; Maryland,B01003_001,2186,299,0.005,0.092,0.047,0.366,0.139,15.5,0.014,0.683,2186,2023,0.171694070100784,0.122042671503328
24005411308,Census Tract 4113.08; Baltimore County; Maryland,B01003_001,4414,537,0.046,0.075,0.094,0.165,0,4,0.035,0.692,4414,2023,0.0848414227366447,0.126908539900104
24003751400,Census Tract 7514; Anne Arundel County; Maryland,B01003_001,4300,505,0,0.121,0.045,0.142,0.035,5.7,0.015,0.592,4300,2023,0.0595496147871018,0.130659550440321
24001000100,Census Tract 1; Allegany County; Maryland,B01003_001,3153,429,0.013,0.204,0,0.164,0.055,8.7,0.072,0.455,3153,2023,0.173530325293541,0.233699699903893
24001001800,Census Tract 18; Allegany County; Maryland,B01003_001,3959,307,0.013,0.145,0.012,0.432,0.192,16,0.08,0.512,3959,2023,0.203792169690132,0.1308441379439
24021750300,Census Tract 7503; Frederick County; Maryland,B01003_001,1671,244,0.025,0.146,0.014,0.302,0.076,10.1,0.016,0.773,1671,2023,0.196571052074432,0.181221531381579
24033803001,Census Tract 8030.01; Prince George's County; Maryland,B01003_001,3172,893,0.071,0.097,0.083,0.298,0.12,13.9,0.031,0.734,3172,2023,0.118988156318665,0.221653136160386
24043000302,Census Tract 3.02; Washington County; Maryland,B01003_001,2810,645,0.039,0.231,0.02,0.315,0.232,18.1,0.116,0.663,2810,2023,0.216205775737762,0.230817288608128
24510151100,Census Tract 1511; Baltimore city; Maryland,B01003_001,5762,1062,0.023,0.203,0.019,0.464,0,9,0.063,0.623,5762,2023,0.223668977618217,0.237915354359588
24005402602,Census Tract 4026.02; Baltimore County; Maryland,B01003_001,2054,365,0.062,0.207,0.017,0.241,0.051,8.1,0.05,0.547,2054,2023,0.196567714214325,0.203271981737549
24027601205,Census Tract 6012.05; Howard County; Maryland,B01003_001,4773,486,0.048,0.083,0.075,0.361,0.046,5.3,0.059,0.715,4773,2023,0.148256406188011,0.0912371104032481
24045010503,Census Tract 105.03; Wicomico County; Maryland,B01003_001,4333,638,0.004,0.061,0.048,0.49,0.036,6.2,0.2,0.63,4333,2023,0.233276709914207,0.1486817514071
24011955100,Census Tract 9551; Caroline County; Maryland,B01003_001,5700,519,0.073,0.128,0.091,0.235,0.239,12,0.026,0.58,5700,2023,0.172383427619934,0.133958990474134
24013512000,Census Tract 5120; Carroll County; Maryland,B01003_001,1586,255,0.061,0.223,0.008,0.159,0.197,22.2,0.021,0.667,1586,2023,0.186340034008026,0.134350270019305
24013511000,Census Tract 5110; Carroll County; Maryland,B01003_001,4023,423,0.002,0.141,0.055,0.14,0.06,8.6,0.092,0.626,4023,2023,0.094780258834362,0.122380023418214
24013504201,Census Tract 5042.01; Carroll County; Maryland,B01003_001,5599,702,0.016,0.078,0.013,0.157,0,3.7,0.023,0.61,5599,2023,0.0814991816878319,0.088834073632125
24013502000,Census Tract 5020; Carroll County; Maryland,B01003_001,4027,457,0.023,0.126,0.012,0.167,0.033,5.7,0.026,0.68,4027,2023,0.0731001049280167,0.119321288116165
24013507602,Census Tract 5076.02; Carroll County; Maryland,B01003_001,4548,622,0.024,0.166,0.005,0.308,0.022,3.1,0.021,0.615,4548,2023,0.110785730183125,0.119268625947151
24013507702,Census Tract 5077.02; Carroll County; Maryland,B01003_001,3999,453,0.015,0.171,0.016,0.328,0.021,3.1,0.028,0.693,3999,2023,0.126486167311668,0.121087660567809
24013513002,Census Tract 5130.02; Carroll County; Maryland,B01003_001,6166,797,0.02,0.095,0.067,0.118,0.069,9.6,0.029,0.757,6166,2023,0.0507283322513104,0.0732723023345462
24013505203,Census Tract 5052.03; Carroll County; Maryland,B01003_001,4083,426,0.018,0.084,0.016,0.203,0.078,9.7,0.031,0.619,4083,2023,0.0776042193174362,0.0857650858196893
24015030505,Census Tract 305.05; Cecil County; Maryland,B01003_001,3582,682,0.047,0.185,0.039,0.298,0.187,13.5,0.055,0.676,3582,2023,0.166043043136597,0.152927961658107
24015030904,Census Tract 309.04; Cecil County; Maryland,B01003_001,7799,1253,0.008,0.164,0.003,0.074,0.067,7.6,0.004,0.639,7799,2023,0.057752437889576,0.0947432439839357
24015031202,Census Tract 312.02; Cecil County; Maryland,B01003_001,5470,409,0.033,0.158,0.002,0.346,0.149,9.8,0.047,0.626,5470,2023,0.138642951846123,0.118204183060198
24017850709,Census Tract 8507.09; Charles County; Maryland,B01003_001,7406,827,0.02,0.127,0.039,0.363,0.014,2.1,0.088,0.681,7406,2023,0.150499269366264,0.0928703327140652
24017850202,Census Tract 8502.02; Charles County; Maryland,B01003_001,4713,386,0.033,0.142,0.015,0.456,0.015,2.3,0.042,0.639,4713,2023,0.128300786018372,0.148726190491406
24019970600,Census Tract 9706; Dorchester County; Maryland,B01003_001,5299,513,0.017,0.12,0.009,0.56,0.185,13.6,0.051,0.689,5299,2023,0.134831011295319,0.152168860292007
24011955600,Census Tract 9556; Caroline County; Maryland,B01003_001,4500,281,0.056,0.193,0.039,0.427,0.451,15.6,0.066,0.61,4500,2023,0.208137407898903,0.127033298092623
24023000100,Census Tract 1; Garrett County; Maryland,B01003_001,3999,418,0.017,0.194,0.004,0.193,0.121,7.7,0.046,0.628,3999,2023,0.111493468284607,0.11035530618053
24037875000,Census Tract 8750; St. Mary's County; Maryland,B01003_001,6172,855,0,0.088,0.01,0.144,0.007,2,0.024,0.729,6172,2023,0.0423024520277977,0.0862282016148542
24037875700,Census Tract 8757; St. Mary's County; Maryland,B01003_001,6974,1045,0.03,0.129,0.003,0.191,0.116,14.4,0.054,0.647,6974,2023,0.0703854486346245,0.0851231879829314
24047951500,Census Tract 9515; Worcester County; Maryland,B01003_001,4924,414,0.001,0.239,0.011,0.426,0.107,10.9,0.1,0.663,4924,2023,0.202170148491859,0.136656890640716
24047950900,Census Tract 9509; Worcester County; Maryland,B01003_001,2244,253,0.006,0.098,0.01,0.215,0.08,9.3,0.087,0.637,2244,2023,0.111291363835335,0.1488432469821
24047950800,Census Tract 9508; Worcester County; Maryland,B01003_001,5149,558,0.015,0.158,0.003,0.188,0.068,10.3,0.032,0.626,5149,2023,0.0862138941884041,0.11139187912137
24025304101,Census Tract 3041.01; Harford County; Maryland,B01003_001,5106,592,0.006,0.131,0.003,0.11,0.023,3.8,0.064,0.582,5106,2023,0.0709905475378037,0.0714752075204406
24025301301,Census Tract 3013.01; Harford County; Maryland,B01003_001,4801,513,0.027,0.129,0.014,0.26,0,5.4,0.045,0.603,4801,2023,0.106741301715374,0.131584262786056
24025303400,Census Tract 3034; Harford County; Maryland,B01003_001,4664,492,0.005,0.089,0.019,0.161,0.118,13.2,0.011,0.635,4664,2023,0.0626816675066948,0.0932281373515582
24025303801,Census Tract 3038.01; Harford County; Maryland,B01003_001,2883,314,0.031,0.1,0.069,0.373,0.321,25.3,0.066,0.651,2883,2023,0.131595000624657,0.11480187326857
24025303501,Census Tract 3035.01; Harford County; Maryland,B01003_001,7827,730,0.007,0.116,0.034,0.157,0.042,5.4,0.012,0.641,7827,2023,0.068130150437355,0.0625777490784519
24025304201,Census Tract 3042.01; Harford County; Maryland,B01003_001,7484,984,0.008,0.069,0.012,0.166,0,2.4,0,0.664,7484,2023,0.0254729185253382,0.0525810434906082
24025301704,Census Tract 3017.04; Harford County; Maryland,B01003_001,3183,321,0.003,0.121,0.019,0.307,0.046,5.1,0.008,0.74,3183,2023,0.0882056877017021,0.112982204032938
24027602306,Census Tract 6023.06; Howard County; Maryland,B01003_001,5616,631,0.001,0.079,0.08,0.201,0.019,3.1,0.026,0.723,5616,2023,0.0622920766472817,0.0751496145241846
24027602900,Census Tract 6029; Howard County; Maryland,B01003_001,4713,688,0.023,0.09,0.115,0.264,0.018,2.8,0.04,0.609,4713,2023,0.124422192573547,0.134564132285242
24027606701,Census Tract 6067.01; Howard County; Maryland,B01003_001,2769,448,0.019,0.09,0.015,0.199,0.209,22.4,0.019,0.561,2769,2023,0.08890400826931,0.148742613028189
24027606905,Census Tract 6069.05; Howard County; Maryland,B01003_001,8069,1174,0.02,0.071,0.075,0.177,0.154,17.6,0.051,0.804,8069,2023,0.0525211058557034,0.0713920932196932
24029950200,Census Tract 9502; Kent County; Maryland,B01003_001,4370,367,0.002,0.108,0.02,0.253,0.076,9.4,0.048,0.658,4370,2023,0.084448903799057,0.123719742945124
24031704200,Census Tract 7042; Montgomery County; Maryland,B01003_001,2248,325,0.005,0.098,0.095,0.203,0.069,8,0.064,0.68,2248,2023,0.0897772535681725,0.134140576344049
24031701409,Census Tract 7014.09; Montgomery County; Maryland,B01003_001,4769,810,0.01,0.099,0.127,0.169,0.018,3.1,0.056,0.685,4769,2023,0.0622920766472817,0.133546479093235
24031705901,Census Tract 7059.01; Montgomery County; Maryland,B01003_001,4353,620,0.012,0.062,0.094,0.172,0.013,1.9,0.05,0.638,4353,2023,0.0473100580275059,0.0764338668412453
24031701407,Census Tract 7014.07; Montgomery County; Maryland,B01003_001,5835,767,0.024,0.098,0.109,0.129,0.055,4.9,0.036,0.613,5835,2023,0.0651961863040924,0.114627399129445
24031701505,Census Tract 7015.05; Montgomery County; Maryland,B01003_001,7572,1166,0.085,0.126,0.263,0.26,0.292,17.1,0.108,0.686,7572,2023,0.164710894227028,0.106307802049369
24031700818,Census Tract 7008.18; Montgomery County; Maryland,B01003_001,6599,749,0.054,0.085,0.249,0.32,0.323,19.8,0.089,0.694,6599,2023,0.164040610194206,0.108165567857258
24031700604,Census Tract 7006.04; Montgomery County; Maryland,B01003_001,6835,645,0.031,0.035,0.066,0.113,0.006,1,0.035,0.697,6835,2023,0.0398719795048237,0.0640138833061535
24031701316,Census Tract 7013.16; Montgomery County; Maryland,B01003_001,6576,829,0.03,0.056,0.068,0.21,0.022,3.5,0.036,0.641,6576,2023,0.0526506453752518,0.0824266237151541
24031704600,Census Tract 7046; Montgomery County; Maryland,B01003_001,5141,587,0.039,0.078,0.07,0.194,0.01,1.7,0.039,0.755,5141,2023,0.0770310312509537,0.0721973837112441
24031705400,Census Tract 7054; Montgomery County; Maryland,B01003_001,2884,23,0,0.062,0.015,0.104,0.01,1.4,0.041,0.646,2884,2023,0.0429793372750282,0.146427269281286
24031701006,Census Tract 7010.06; Montgomery County; Maryland,B01003_001,5492,891,0.006,0.053,0.069,0.195,0.005,0.8,0.029,0.607,5492,2023,0.0667740553617477,0.0910877586759423
24031703201,Census Tract 7032.01; Montgomery County; Maryland,B01003_001,8314,1362,0.094,0.065,0.176,0.117,0.027,4.1,0.04,0.762,8314,2023,0.0812023729085922,0.120638403267246
24031705601,Census Tract 7056.01; Montgomery County; Maryland,B01003_001,3254,502,0.01,0.029,0.006,0.254,0,4.2,0.018,0.756,3254,2023,0.0622177943587303,0.149795248222348
24031700204,Census Tract 7002.04; Montgomery County; Maryland,B01003_001,2301,377,0.021,0.177,0.039,0.161,0.195,19.2,0.017,0.687,2301,2023,0.111988440155983,0.128573669604121
24031700206,Census Tract 7002.06; Montgomery County; Maryland,B01003_001,5764,786,0.045,0.082,0.032,0.081,0,3.1,0.023,0.762,5764,2023,0.0789229646325111,0.0797329029094782
24031701418,Census Tract 7014.18; Montgomery County; Maryland,B01003_001,3553,529,0.054,0.056,0.122,0.375,0.025,3.8,0.062,0.728,3553,2023,0.135702311992645,0.151754795821763
24031701900,Census Tract 7019; Montgomery County; Maryland,B01003_001,3160,742,0.253,0.066,0.306,0.23,0.659,21,0.045,0.783,3160,2023,0.207718729972839,0.172186634534032
24031701507,Census Tract 7015.07; Montgomery County; Maryland,B01003_001,5337,910,0.022,0.102,0.133,0.181,0.006,1,0.032,0.635,5337,2023,0.0711075514554977,0.130109566468767
24031701202,Census Tract 7012.02; Montgomery County; Maryland,B01003_001,2649,277,0.005,0.062,0.042,0.146,0.02,2.6,0.017,0.694,2649,2023,0.0505843013525009,0.135877472865216
24031703208,Census Tract 7032.08; Montgomery County; Maryland,B01003_001,5253,763,0.038,0.064,0.025,0.202,0.084,8.7,0.034,0.707,5253,2023,0.0661746859550476,0.129025931710402
24031700400,Census Tract 7004; Montgomery County; Maryland,B01003_001,2512,332,0.019,0.106,0.057,0.166,0.019,2.2,0.014,0.673,2512,2023,0.0780991911888123,0.147276434469922
24031701001,Census Tract 7010.01; Montgomery County; Maryland,B01003_001,5462,590,0.056,0.121,0.132,0.22,0.155,11.9,0.014,0.628,5462,2023,0.112007573246956,0.135994566992523
24041960501,Census Tract 9605.01; Talbot County; Maryland,B01003_001,4214,417,0.023,0.126,0.025,0.291,0.054,5.7,0.031,0.603,4214,2023,0.114994391798973,0.163129513142537
24041960800,Census Tract 9608; Talbot County; Maryland,B01003_001,1882,236,0.022,0.199,0.021,0.203,0.113,12.5,0.007,0.527,1882,2023,0.125342130661011,0.144956976259415
24510271200,Census Tract 2712; Baltimore city; Maryland,B01003_001,6233,803,0.016,0.072,0.026,0.188,0.013,2.3,0.034,0.691,6233,2023,0.0566467754542828,0.131047601520572
24510280102,Census Tract 2801.02; Baltimore city; Maryland,B01003_001,5355,956,0.025,0.284,0.21,0.335,0.586,35.5,0.118,0.562,5355,2023,0.356807112693787,0.186206435432389
24043000900,Census Tract 9; Washington County; Maryland,B01003_001,3781,549,0.067,0.219,0.103,0.214,0.578,20.8,0.046,0.53,3781,2023,0.237705036997795,0.188118442117501
24043010600,Census Tract 106; Washington County; Maryland,B01003_001,5432,781,0.014,0.122,0,0.161,0.006,1.2,0.02,0.625,5432,2023,0.0679739639163017,0.103563101100639
24043000301,Census Tract 3.01; Washington County; Maryland,B01003_001,3421,493,0.068,0.185,0.046,0.35,0.14,11.4,0.051,0.662,3421,2023,0.184860303997993,0.216853671719645
24043001002,Census Tract 10.02; Washington County; Maryland,B01003_001,3711,311,0.015,0.164,0.038,0.244,0.162,11.3,0.07,0.668,3711,2023,0.13471508026123,0.166727491792913
24510151300,Census Tract 1513; Baltimore city; Maryland,B01003_001,4345,852,0.072,0.277,0.029,0.575,0.3,20.8,0.081,0.51,4345,2023,0.363925814628601,0.252227291665095
24510140100,Census Tract 1401; Baltimore city; Maryland,B01003_001,4030,482,0.02,0.181,0.049,0.301,0,19.4,0.048,0.601,4030,2023,0.145760208368301,0.278377160833625
24510230300,Census Tract 2303; Baltimore city; Maryland,B01003_001,1434,212,0.008,0.092,0.01,0.309,0.608,47.9,0.015,0.894,1434,2023,0.356246918439865,0.165114030648846
24510090600,Census Tract 906; Baltimore city; Maryland,B01003_001,2525,533,0.058,0.19,0.041,0.597,0.477,44.4,0.141,0.602,2525,2023,0.425761520862579,0.270311882008691
24510260202,Census Tract 2602.02; Baltimore city; Maryland,B01003_001,6045,1398,0.034,0.133,0.111,0.621,0.313,24.9,0.016,0.631,6045,2023,0.237546697258949,0.177933564099502
24510160801,Census Tract 1608.01; Baltimore city; Maryland,B01003_001,3280,564,0.057,0.179,0.026,0.617,0.307,29.8,0.024,0.53,3280,2023,0.409144967794418,0.23892422391853
24510250103,Census Tract 2501.03; Baltimore city; Maryland,B01003_001,3304,450,0.092,0.301,0.03,0.499,0.039,6.6,0.077,0.45,3304,2023,0.319248378276825,0.212629985103394
24510270903,Census Tract 2709.03; Baltimore city; Maryland,B01003_001,5312,544,0,0.082,0.017,0.49,0.007,2.4,0.095,0.584,5312,2023,0.152449890971184,0.205619799835004
24510010100,Census Tract 101; Baltimore city; Maryland,B01003_001,2803,367,0.024,0.089,0.02,0.241,0,16.9,0.009,0.777,2803,2023,0.0958786681294441,0.16854895570124
24510160600,Census Tract 1606; Baltimore city; Maryland,B01003_001,2613,642,0.022,0.242,0,0.563,0,7.9,0.224,0.491,2613,2023,0.470293909311295,0.338570323735646
24510120100,Census Tract 1201; Baltimore city; Maryland,B01003_001,4126,557,0,0.081,0.059,0.382,0.116,13,0.014,0.78,4126,2023,0.104023680090904,0.173510650533637
24510280301,Census Tract 2803.01; Baltimore city; Maryland,B01003_001,3743,649,0.021,0.271,0.037,0.556,0.098,16.5,0.034,0.663,3743,2023,0.249353766441345,0.159319708715623
24510090200,Census Tract 902; Baltimore city; Maryland,B01003_001,3351,571,0.036,0.154,0.014,0.475,0.253,17.7,0.032,0.526,3351,2023,0.208446964621544,0.228203956294173
24510150400,Census Tract 1504; Baltimore city; Maryland,B01003_001,3794,891,0.057,0.235,0.023,0.33,0.478,39.9,0.156,0.505,3794,2023,0.347793877124786,0.347238064691918
24510272005,Census Tract 2720.05; Baltimore city; Maryland,B01003_001,3420,575,0,0.136,0.098,0.378,0.089,10,0.09,0.621,3420,2023,0.159988045692444,0.170767905468345
24510130806,Census Tract 1308.06; Baltimore city; Maryland,B01003_001,1562,233,0.031,0.122,0.004,0.387,0,25,0.067,0.697,1562,2023,0.213062062859535,0.269198928941265
24510020200,Census Tract 202; Baltimore city; Maryland,B01003_001,1389,175,0.028,0.12,0.107,0.39,0.305,32,0.029,0.704,1389,2023,0.230057194828987,0.196342589334347
24510280101,Census Tract 2801.01; Baltimore city; Maryland,B01003_001,2765,530,0.083,0.096,0.036,0.529,0.226,20.7,0.011,0.711,2765,2023,0.17970310151577,0.236759285876562
24510260401,Census Tract 2604.01; Baltimore city; Maryland,B01003_001,2225,373,0.129,0.265,0.266,0.351,0.827,15.1,0.028,0.382,2225,2023,0.515261769294739,0.248568558689461
24510200200,Census Tract 2002; Baltimore city; Maryland,B01003_001,1585,380,0.041,0.239,0.033,0.582,0.588,35.9,0.155,0.377,1585,2023,0.48261085152626,0.379704829217847
24510260605,Census Tract 2606.05; Baltimore city; Maryland,B01003_001,6531,1284,0.174,0.074,0.177,0.379,0.228,19.7,0.045,0.668,6531,2023,0.177641585469246,0.186516099770028
24510160802,Census Tract 1608.02; Baltimore city; Maryland,B01003_001,3156,725,0.052,0.146,0.009,0.512,0.447,25.9,0.133,0.555,3156,2023,0.257266461849213,0.274507039888332
24510130100,Census Tract 1301; Baltimore city; Maryland,B01003_001,2910,605,0.016,0.235,0.022,0.433,0.445,37.9,0.161,0.544,2910,2023,0.34206834435463,0.196483836259532
24510120400,Census Tract 1204; Baltimore city; Maryland,B01003_001,1985,374,0,0.168,0,0.554,0.145,20.7,0.005,0.608,1985,2023,0.196147695183754,0.27443663233785
24510260501,Census Tract 2605.01; Baltimore city; Maryland,B01003_001,4983,611,0.188,0.115,0.412,0.273,0.194,21.4,0.072,0.546,4983,2023,0.245902717113495,0.218763752573095
24045010604,Census Tract 106.04; Wicomico County; Maryland,B01003_001,5341,549,0.034,0.128,0.037,0.312,0.274,13.8,0.041,0.67,5341,2023,0.0980425849556923,0.108769801689492
24045010102,Census Tract 101.02; Wicomico County; Maryland,B01003_001,3144,435,0.012,0.122,0.075,0.325,0.091,8.6,0.053,0.696,3144,2023,0.12756322324276,0.18374990443412
24005450100,Census Tract 4501; Baltimore County; Maryland,B01003_001,3835,559,0.048,0.136,0.088,0.167,0.088,9.2,0.095,0.605,3835,2023,0.175723314285278,0.165885663686555
24005451801,Census Tract 4518.01; Baltimore County; Maryland,B01003_001,5404,686,0.023,0.136,0.023,0.284,0.287,19.3,0.06,0.647,5404,2023,0.112568795681,0.094112005848179
24005430900,Census Tract 4309; Baltimore County; Maryland,B01003_001,4736,908,0.021,0.108,0.08,0.277,0.255,23.9,0.049,0.709,4736,2023,0.0980425849556923,0.205323569889184
24005421200,Census Tract 4212; Baltimore County; Maryland,B01003_001,1864,262,0.028,0.229,0.037,0.286,0.242,19.9,0.067,0.565,1864,2023,0.216093584895134,0.189057994828144
24005451401,Census Tract 4514.01; Baltimore County; Maryland,B01003_001,4242,796,0.072,0.087,0.104,0.476,0.013,2.1,0.046,0.767,4242,2023,0.156147211790085,0.146665175189585
24005404202,Census Tract 4042.02; Baltimore County; Maryland,B01003_001,9047,1334,0.044,0.098,0.118,0.494,0.1,21.2,0.039,0.699,9047,2023,0.160272881388664,0.0989637990126454
24005451803,Census Tract 4518.03; Baltimore County; Maryland,B01003_001,4841,637,0.038,0.09,0.026,0.314,0.156,13.6,0.013,0.75,4841,2023,0.101602874696255,0.117852162276788
24005411302,Census Tract 4113.02; Baltimore County; Maryland,B01003_001,4377,357,0.031,0.047,0.043,0.074,0.081,8.2,0.016,0.8,4377,2023,0.0357463099062443,0.122317117183201
24005408200,Census Tract 4082; Baltimore County; Maryland,B01003_001,1870,241,0,0.052,0.057,0.116,0.043,6.7,0.037,0.652,1870,2023,0.091506339609623,0.144447682918588
24005410200,Census Tract 4102; Baltimore County; Maryland,B01003_001,5001,395,0,0.078,0.022,0.075,0.023,3.4,0.033,0.609,5001,2023,0.0537115372717381,0.0916705153469115
24005441102,Census Tract 4411.02; Baltimore County; Maryland,B01003_001,5051,674,0.063,0.171,0.096,0.272,0.137,10.6,0.046,0.619,5051,2023,0.142065674066544,0.146743553683776
24005403802,Census Tract 4038.02; Baltimore County; Maryland,B01003_001,3029,655,0,0.072,0.039,0.126,0,4.4,0.007,0.653,3029,2023,0.050060760229826,0.138600231314635
24005408601,Census Tract 4086.01; Baltimore County; Maryland,B01003_001,4241,547,0.021,0.102,0.045,0.22,0.053,7.8,0.036,0.703,4241,2023,0.0676326677203178,0.106854078917057
24005401505,Census Tract 4015.05; Baltimore County; Maryland,B01003_001,4032,598,0.112,0.175,0.146,0.31,0.267,18.8,0.01,0.564,4032,2023,0.215829655528069,0.172774951548939
24005490900,Census Tract 4909; Baltimore County; Maryland,B01003_001,4881,658,0.06,0.109,0.03,0.44,0.033,4.2,0.054,0.576,4881,2023,0.200436159968376,0.106790735136044
24005403702,Census Tract 4037.02; Baltimore County; Maryland,B01003_001,6419,977,0.018,0.044,0.052,0.401,0.353,29.6,0.046,0.641,6419,2023,0.10891867429018,0.149961895005331
24005430700,Census Tract 4307; Baltimore County; Maryland,B01003_001,5121,795,0.038,0.134,0.081,0.221,0.099,14,0.033,0.737,5121,2023,0.0883553624153137,0.0970899986823085
24005411408,Census Tract 4114.08; Baltimore County; Maryland,B01003_001,3838,546,0.008,0.096,0.067,0.262,0.256,15.4,0.02,0.777,3838,2023,0.0854529067873955,0.208351496873008
24005492300,Census Tract 4923; Baltimore County; Maryland,B01003_001,3229,575,0.071,0.16,0.003,0.288,0.047,7.4,0.011,0.675,3229,2023,0.131352856755257,0.198076899169199
24005451500,Census Tract 4515; Baltimore County; Maryland,B01003_001,4279,784,0.107,0.165,0.065,0.363,0.566,19.1,0.081,0.523,4279,2023,0.292208135128021,0.151828325098848
24005440200,Census Tract 4402; Baltimore County; Maryland,B01003_001,2607,365,0.053,0.143,0.021,0.371,0.059,8.1,0.056,0.658,2607,2023,0.19175098836422,0.14590756410383
24005420303,Census Tract 4203.03; Baltimore County; Maryland,B01003_001,1160,273,0.022,0.171,0,0.236,0.262,33.8,0.193,0.726,1160,2023,0.263112306594849,0.205274862655541
24005401507,Census Tract 4015.07; Baltimore County; Maryland,B01003_001,7089,1348,0.062,0.105,0.165,0.406,0.159,19.4,0.031,0.746,7089,2023,0.147556632757187,0.118025385173884
24005400100,Census Tract 4001; Baltimore County; Maryland,B01003_001,4423,472,0.053,0.297,0.059,0.559,0,9,0.003,0.324,4423,2023,0.462393313646317,0.139413577950824
24005420500,Census Tract 4205; Baltimore County; Maryland,B01003_001,3807,677,0.057,0.134,0.118,0.245,0.178,20.2,0.09,0.599,3807,2023,0.195127367973328,0.230025812027664
24005403801,Census Tract 4038.01; Baltimore County; Maryland,B01003_001,1405,104,0.003,0.117,0.019,0.186,0.078,8.2,0.018,0.575,1405,2023,0.174269825220108,0.155269999258419
24005411410,Census Tract 4114.10; Baltimore County; Maryland,B01003_001,4929,1038,0.045,0.128,0.106,0.252,0.013,2.1,0.024,0.663,4929,2023,0.121069446206093,0.100402865446714
24005402403,Census Tract 4024.03; Baltimore County; Maryland,B01003_001,2177,288,0.054,0.145,0.004,0.338,0.245,18.3,0.056,0.545,2177,2023,0.25086635351181,0.177554197226253
24003740601,Census Tract 7406.01; Anne Arundel County; Maryland,B01003_001,6309,556,0.006,0.076,0.09,0.176,0.007,1.2,0.047,0.768,6309,2023,0.0471805185079575,0.0856135155217177
24003731309,Census Tract 7313.09; Anne Arundel County; Maryland,B01003_001,5560,609,0.027,0.167,0.028,0.202,0.101,11.5,0.052,0.725,5560,2023,0.0748313292860985,0.077038748378037
24003751102,Census Tract 7511.02; Anne Arundel County; Maryland,B01003_001,4307,793,0.013,0.135,0.039,0.301,0.035,5.9,0.041,0.614,4307,2023,0.101117350161076,0.138592096598899
24003730204,Census Tract 7302.04; Anne Arundel County; Maryland,B01003_001,8154,1223,0.053,0.128,0.078,0.256,0.052,5.7,0.033,0.736,8154,2023,0.116943776607513,0.106145332257946
24003740103,Census Tract 7401.03; Anne Arundel County; Maryland,B01003_001,9425,797,0.016,0.115,0.064,0.247,0,2.2,0.059,0.726,9425,2023,0.0887491181492806,0.0525741479220712
24003750102,Census Tract 7501.02; Anne Arundel County; Maryland,B01003_001,2649,379,0.136,0.083,0.1,0.245,0,8.4,0.077,0.713,2649,2023,0.142359659075737,0.265387784565809
24003751103,Census Tract 7511.03; Anne Arundel County; Maryland,B01003_001,5576,663,0.001,0.134,0.009,0.238,0.075,10.3,0.009,0.639,5576,2023,0.0899351537227631,0.123600209239421
24003750804,Census Tract 7508.04; Anne Arundel County; Maryland,B01003_001,4135,771,0.041,0.171,0.059,0.254,0,5.8,0.044,0.673,4135,2023,0.114599727094173,0.137507404329561
24003750900,Census Tract 7509; Anne Arundel County; Maryland,B01003_001,3018,399,0.019,0.149,0.047,0.235,0.168,17.7,0.056,0.732,3018,2023,0.114808589220047,0.146041748692526
24003731307,Census Tract 7313.07; Anne Arundel County; Maryland,B01003_001,5553,510,0,0.114,0.003,0.291,0.01,1.8,0.036,0.731,5553,2023,0.0854910314083099,0.0797993680663181
24003731004,Census Tract 7310.04; Anne Arundel County; Maryland,B01003_001,4182,421,0.013,0.127,0.027,0.208,0.074,8.7,0.069,0.688,4182,2023,0.0734707415103912,0.0855618965380954
24033801003,Census Tract 8010.03; Prince George's County; Maryland,B01003_001,6423,573,0.018,0.077,0.033,0.308,0.136,16.3,0.048,0.709,6423,2023,0.0812186226248741,0.117139915130452
24033802700,Census Tract 8027; Prince George's County; Maryland,B01003_001,2447,690,0.097,0.097,0.119,0.372,0.078,8.5,0.145,0.672,2447,2023,0.22839143872261,0.200467354899075
24033800213,Census Tract 8002.13; Prince George's County; Maryland,B01003_001,3699,525,0.016,0.082,0.098,0.385,0.134,15.3,0.119,0.819,3699,2023,0.143250167369843,0.161250440264821
24033800206,Census Tract 8002.06; Prince George's County; Maryland,B01003_001,3813,581,0.026,0.136,0.063,0.407,0.168,19.7,0.077,0.764,3813,2023,0.163614466786385,0.148740671003649
24033806706,Census Tract 8067.06; Prince George's County; Maryland,B01003_001,3853,525,0.089,0.121,0.178,0.272,0.054,5.5,0.064,0.608,3853,2023,0.17843097448349,0.172035411688861
24033807407,Census Tract 8074.07; Prince George's County; Maryland,B01003_001,6825,922,0.061,0.111,0.242,0.252,0.251,19.2,0.045,0.63,6825,2023,0.13483752310276,0.115107948216171
24033807301,Census Tract 8073.01; Prince George's County; Maryland,B01003_001,3796,504,0.05,0.064,0.195,0.276,0.294,20.5,0.074,0.768,3796,2023,0.132031425833702,0.216846511214016
24033803509,Census Tract 8035.09; Prince George's County; Maryland,B01003_001,3854,423,0.12,0.103,0.165,0.393,0.299,17,0.056,0.77,3854,2023,0.164106816053391,0.206113501669032
24033801411,Census Tract 8014.11; Prince George's County; Maryland,B01003_001,3259,320,0.071,0.085,0.074,0.223,0.059,9.7,0.057,0.696,3259,2023,0.0985419675707817,0.155295448187958
24033801302,Census Tract 8013.02; Prince George's County; Maryland,B01003_001,3210,1190,0.005,0.078,0.005,0.248,0.029,5.7,0.073,0.727,3210,2023,0.101799219846725,0.13404207192108
24033802203,Census Tract 8022.03; Prince George's County; Maryland,B01003_001,4462,856,0.012,0.194,0.057,0.451,0.284,22.4,0.094,0.581,4462,2023,0.243582263588905,0.161797338235877
24033802803,Census Tract 8028.03; Prince George's County; Maryland,B01003_001,5856,904,0.104,0.141,0.069,0.475,0.091,13.8,0.039,0.746,5856,2023,0.181307077407837,0.133878593178128
24033801212,Census Tract 8012.12; Prince George's County; Maryland,B01003_001,4102,1211,0.032,0.063,0.139,0.335,0.039,5.3,0.071,0.665,4102,2023,0.127864554524422,0.128196640066832
24033801215,Census Tract 8012.15; Prince George's County; Maryland,B01003_001,2823,432,0.074,0.093,0.088,0.279,0.049,5.8,0.069,0.766,2823,2023,0.118802383542061,0.142688960852159
24033801500,Census Tract 8015; Prince George's County; Maryland,B01003_001,2385,286,0.163,0.113,0.16,0.392,0.102,10.6,0.142,0.595,2385,2023,0.313876330852509,0.180767496390496
24033800409,Census Tract 8004.09; Prince George's County; Maryland,B01003_001,7047,923,0.011,0.082,0.051,0.298,0.054,10,0.031,0.785,7047,2023,0.0827382504940033,0.079105946723389
24033807305,Census Tract 8073.05; Prince George's County; Maryland,B01003_001,3865,863,0.389,0.164,0.519,0.267,0.499,30.4,0.07,0.729,3865,2023,0.360198646783829,0.159702014761452
24033804802,Census Tract 8048.02; Prince George's County; Maryland,B01003_001,3015,479,0.186,0.073,0.384,0.317,0.091,8.4,0.104,0.807,3015,2023,0.202784553170204,0.173338443551903
24033805909,Census Tract 8059.09; Prince George's County; Maryland,B01003_001,4936,740,0.093,0.053,0.255,0.418,0,4.8,0.081,0.865,4936,2023,0.203953921794891,0.172869601452066
24033802901,Census Tract 8029.01; Prince George's County; Maryland,B01003_001,4042,387,0.075,0.105,0.088,0.579,0.12,18.2,0.264,0.636,4042,2023,0.328314989805222,0.179314840862853
24033803605,Census Tract 8036.05; Prince George's County; Maryland,B01003_001,7504,952,0.139,0.068,0.256,0.275,0.249,25.1,0.085,0.671,7504,2023,0.176383376121521,0.145559730858871
24033803200,Census Tract 8032; Prince George's County; Maryland,B01003_001,2757,488,0.02,0.126,0.098,0.586,0.28,21.9,0.112,0.778,2757,2023,0.295003473758698,0.160725827156497
24033800408,Census Tract 8004.08; Prince George's County; Maryland,B01003_001,7502,1153,0.043,0.061,0.08,0.215,0.021,2.9,0.032,0.697,7502,2023,0.0661746859550476,0.105314114756705
24033803512,Census Tract 8035.12; Prince George's County; Maryland,B01003_001,5839,667,0.008,0.098,0.03,0.386,0.048,7.3,0.036,0.763,5839,2023,0.110595479607582,0.124526038989212
24033800519,Census Tract 8005.19; Prince George's County; Maryland,B01003_001,4094,637,0.033,0.076,0.052,0.366,0.018,3,0.025,0.743,4094,2023,0.102217331528664,0.13678544021536
24033801702,Census Tract 8017.02; Prince George's County; Maryland,B01003_001,4045,637,0.063,0.064,0.094,0.531,0.014,2.3,0.084,0.664,4045,2023,0.176443889737129,0.205436372328133
24033801408,Census Tract 8014.08; Prince George's County; Maryland,B01003_001,3341,428,0.041,0.152,0.122,0.509,0.055,9.9,0.115,0.739,3341,2023,0.189154982566834,0.182611581008379
24033800402,Census Tract 8004.02; Prince George's County; Maryland,B01003_001,5096,529,0.027,0.118,0.042,0.357,0.107,13.6,0.019,0.662,5096,2023,0.11661335080862,0.10095142935547
24033800605,Census Tract 8006.05; Prince George's County; Maryland,B01003_001,5153,599,0.032,0.072,0.009,0.265,0,4.9,0.021,0.607,5153,2023,0.0950851365923882,0.11341391466622
24033801309,Census Tract 8013.09; Prince George's County; Maryland,B01003_001,3939,563,0,0.092,0.049,0.246,0.253,27.6,0.047,0.686,3939,2023,0.0844107791781426,0.109008253313271
24035810200,Census Tract 8102; Queen Anne's County; Maryland,B01003_001,2690,287,0.036,0.149,0.033,0.164,0.304,21.7,0.055,0.591,2690,2023,0.121001698076725,0.154710731145011
24035810400,Census Tract 8104; Queen Anne's County; Maryland,B01003_001,6295,607,0.008,0.072,0.002,0.192,0.005,1,0.025,0.777,6295,2023,0.0440952256321907,0.084756321945021
24009860200,Census Tract 8602; Calvert County; Maryland,B01003_001,6276,733,0.015,0.071,0.003,0.139,0,2.1,0,0.633,6276,2023,0.0255058538168669,0.0804940224712704
24001000200,Census Tract 2; Allegany County; Maryland,B01003_001,4094,329,0.039,0.271,0.018,0.184,0.288,30.4,0.043,0.359,4094,2023,0.1745845079422,0.263415936503816
24001000700,Census Tract 7; Allegany County; Maryland,B01003_001,3377,442,0.04,0.219,0.023,0.396,0.481,24.9,0.047,0.528,3377,2023,0.263997316360474,0.269730592540568
24001001300,Census Tract 13; Allegany County; Maryland,B01003_001,5030,258,0.033,0.24,0.032,0.28,0.257,19.8,0.058,0.223,5030,2023,0.195042923092842,0.13503441723779
24005404101,Census Tract 4041.01; Baltimore County; Maryland,B01003_001,6682,1034,0.018,0.062,0.042,0.426,0.062,8.7,0.023,0.772,6682,2023,0.0955065488815308,0.129584800290617
24005408302,Census Tract 4083.02; Baltimore County; Maryland,B01003_001,2986,388,0.033,0.09,0.057,0.165,0,7.5,0.071,0.609,2986,2023,0.120717115700245,0.128734906460391
24027601103,Census Tract 6011.03; Howard County; Maryland,B01003_001,6006,595,0.008,0.069,0.077,0.2,0.053,6.7,0.012,0.754,6006,2023,0.0431843884289265,0.0791448894145545
24027603001,Census Tract 6030.01; Howard County; Maryland,B01003_001,6020,506,0.004,0.048,0.12,0.271,0.006,1,0.011,0.617,6020,2023,0.0694704204797745,0.0720254562328153
24027606601,Census Tract 6066.01; Howard County; Maryland,B01003_001,3600,598,0.018,0.225,0.017,0.358,0,5.9,0.089,0.583,3600,2023,0.259526699781418,0.127107959992878
24021752301,Census Tract 7523.01; Frederick County; Maryland,B01003_001,7432,796,0.016,0.07,0.112,0.334,0.076,8.8,0.047,0.788,7432,2023,0.0964248031377792,0.0883807517193145
24021752502,Census Tract 7525.02; Frederick County; Maryland,B01003_001,2698,396,0.004,0.134,0,0.135,0.023,3.2,0.025,0.559,2698,2023,0.0693553984165192,0.117657794599314
24021752603,Census Tract 7526.03; Frederick County; Maryland,B01003_001,4609,843,0.01,0.094,0.008,0.124,0.022,3.7,0.037,0.685,4609,2023,0.0464281216263771,0.106161592173425
24021752602,Census Tract 7526.02; Frederick County; Maryland,B01003_001,2189,178,0.009,0.052,0.024,0.161,0,10.8,0,0.567,2189,2023,0.0641798302531242,0.128305411164692
24021752801,Census Tract 7528.01; Frederick County; Maryland,B01003_001,2263,177,0.002,0.075,0.007,0.109,0.038,5.1,0.036,0.728,2263,2023,0.0588017180562019,0.115351271859233
24021752101,Census Tract 7521.01; Frederick County; Maryland,B01003_001,3653,360,0.021,0.103,0.026,0.072,0,4.7,0.029,0.627,3653,2023,0.0679108425974846,0.0973157652025518
24021751903,Census Tract 7519.03; Frederick County; Maryland,B01003_001,7500,1114,0.009,0.101,0.054,0.085,0.078,7.9,0.047,0.643,7500,2023,0.0495134145021439,0.0573188618951374
24003706302,Census Tract 7063.02; Anne Arundel County; Maryland,B01003_001,3689,459,0,0.078,0.011,0.22,0,10.2,0.008,0.706,3689,2023,0.0619214326143265,0.174091274234499
24003740305,Census Tract 7403.05; Anne Arundel County; Maryland,B01003_001,11074,1103,0,0.089,0.024,0.449,0.099,10.9,0.048,0.814,11074,2023,0.110595479607582,0.0478274983697545
24003751500,Census Tract 7515; Anne Arundel County; Maryland,B01003_001,7885,934,0.078,0.097,0.191,0.27,0.322,18.8,0.079,0.684,7885,2023,0.148424476385117,0.0836777323086093
24001001502,Census Tract 15.02; Allegany County; Maryland,B01003_001,2012,318,0.015,0.236,0,0.341,0.272,21.9,0.071,0.552,2012,2023,0.288187950849533,0.220986921621353
24047950400,Census Tract 9504; Worcester County; Maryland,B01003_001,3376,431,0.035,0.108,0.049,0.228,0.09,10.8,0.101,0.647,3376,2023,0.114308826625347,0.156264797979905
24043011202,Census Tract 112.02; Washington County; Maryland,B01003_001,4989,799,0.01,0.18,0.041,0.238,0.246,14.3,0.046,0.659,4989,2023,0.115585371851921,0.16933459139198
24510130805,Census Tract 1308.05; Baltimore city; Maryland,B01003_001,1362,258,0.066,0.249,0.093,0.539,0,19.4,0.097,0.636,1362,2023,0.318131148815155,0.277449109835988
24510080800,Census Tract 808; Baltimore city; Maryland,B01003_001,1973,570,0,0.3,0.018,0.576,0.489,36,0.046,0.609,1973,2023,0.38602489233017,0.356939057640906
24035810901,Census Tract 8109.01; Queen Anne's County; Maryland,B01003_001,6313,613,0.01,0.052,0.021,0.222,0.029,3.7,0.033,0.726,6313,2023,0.0431843884289265,0.0794391939018732
24013501001,Census Tract 5010.01; Carroll County; Maryland,B01003_001,5501,415,0.001,0.108,0.019,0.227,0.142,12.5,0.042,0.669,5501,2023,0.0650448575615883,0.0977073264099132
24017850102,Census Tract 8501.02; Charles County; Maryland,B01003_001,2346,252,0.013,0.166,0.019,0.325,0.053,5.2,0.063,0.657,2346,2023,0.186484470963478,0.139845008944576
24041960600,Census Tract 9606; Talbot County; Maryland,B01003_001,1827,270,0.007,0.117,0.02,0.279,0.14,11.5,0.058,0.523,1827,2023,0.147690996527672,0.191432267704092
24025303606,Census Tract 3036.06; Harford County; Maryland,B01003_001,3426,468,0.013,0.053,0.01,0.109,0.054,5.7,0.01,0.79,3426,2023,0.0353756695985794,0.112881432614757
24025301106,Census Tract 3011.06; Harford County; Maryland,B01003_001,4904,621,0.03,0.062,0.037,0.154,0.017,2.1,0.03,0.661,4904,2023,0.0526506453752518,0.0867010041395414
24025301108,Census Tract 3011.08; Harford County; Maryland,B01003_001,4342,1031,0.008,0.065,0.045,0.109,0,4.1,0.033,0.629,4342,2023,0.0321198999881744,0.0993506965743917
24025301205,Census Tract 3012.05; Harford County; Maryland,B01003_001,4086,538,0.012,0.081,0.033,0.309,0,5.4,0.014,0.771,4086,2023,0.0854529067873955,0.0990528680405503
24021765100,Census Tract 7651; Frederick County; Maryland,B01003_001,4759,504,0.084,0.121,0.096,0.331,0.066,6.9,0.038,0.709,4759,2023,0.149565234780312,0.1381268352737
24021773500,Census Tract 7735; Frederick County; Maryland,B01003_001,4491,587,0.046,0.1,0.126,0.243,0.034,4.5,0.056,0.725,4491,2023,0.11110570281744,0.101379750280493
24033800411,Census Tract 8004.11; Prince George's County; Maryland,B01003_001,4510,793,0.042,0.152,0.051,0.368,0.058,9.4,0.032,0.607,4510,2023,0.161861911416054,0.145477214318216
24033806714,Census Tract 8067.14; Prince George's County; Maryland,B01003_001,6542,823,0.106,0.055,0.322,0.405,0.505,20.3,0.056,0.755,6542,2023,0.192912936210632,0.131856035195113
24033801208,Census Tract 8012.08; Prince George's County; Maryland,B01003_001,5197,929,0.018,0.121,0.029,0.326,0.012,2.1,0.018,0.724,5197,2023,0.117244884371758,0.138769417153765
24033803525,Census Tract 8035.25; Prince George's County; Maryland,B01003_001,2070,347,0,0.154,0.086,0.61,0.295,17.4,0.11,0.762,2070,2023,0.370432049036026,0.187024685609342
24033802106,Census Tract 8021.06; Prince George's County; Maryland,B01003_001,4872,1026,0.043,0.135,0.086,0.525,0.22,15.9,0.05,0.654,4872,2023,0.156926602125168,0.160802059829271
24031701317,Census Tract 7013.17; Montgomery County; Maryland,B01003_001,4406,614,0.009,0.087,0.048,0.132,0.028,4.5,0.035,0.633,4406,2023,0.0529882982373238,0.102831486375702
24031700308,Census Tract 7003.08; Montgomery County; Maryland,B01003_001,6889,1317,0.015,0.055,0.142,0.326,0.168,19.6,0.059,0.77,6889,2023,0.0998506993055344,0.0980285108831038
24031700820,Census Tract 7008.20; Montgomery County; Maryland,B01003_001,3666,598,0.077,0.06,0.385,0.217,0.164,12.1,0.01,0.693,3666,2023,0.1296496540308,0.112220051360423
24031700829,Census Tract 7008.29; Montgomery County; Maryland,B01003_001,3287,579,0.003,0.114,0.161,0.303,0.008,1.5,0.03,0.713,3287,2023,0.0988425463438034,0.162900458211134
24031703221,Census Tract 7032.21; Montgomery County; Maryland,B01003_001,4987,669,0.038,0.073,0.135,0.223,0.003,0.6,0.03,0.759,4987,2023,0.0660451427102089,0.169979949365814
24031704805,Census Tract 7048.05; Montgomery County; Maryland,B01003_001,2645,358,0,0.104,0.099,0.351,0.197,22.5,0.014,0.748,2645,2023,0.143549755215645,0.117739933494919
24031704401,Census Tract 7044.01; Montgomery County; Maryland,B01003_001,3476,335,0.008,0.067,0.059,0.136,0.014,2.4,0.06,0.632,3476,2023,0.0348345525562763,0.131912041394839
24011955400,Census Tract 9554; Caroline County; Maryland,B01003_001,2226,309,0.014,0.107,0,0.113,0.15,19.6,0.073,0.732,2226,2023,0.148340821266174,0.177379766115898
24003730205,Census Tract 7302.05; Anne Arundel County; Maryland,B01003_001,2268,307,0.056,0.269,0.165,0.348,0.186,27.4,0.048,0.696,2268,2023,0.272549569606781,0.176386494264332
24003701301,Census Tract 7013.01; Anne Arundel County; Maryland,B01003_001,4229,565,0.009,0.089,0.016,0.117,0.112,14,0.048,0.614,4229,2023,0.0440166294574738,0.0939292863908574
24003730206,Census Tract 7302.06; Anne Arundel County; Maryland,B01003_001,3339,540,0.055,0.236,0.094,0.275,0.161,21.5,0.075,0.649,3339,2023,0.224202364683151,0.163829747915953
24003701103,Census Tract 7011.03; Anne Arundel County; Maryland,B01003_001,3475,668,0.038,0.164,0.096,0.201,0,5.5,0.039,0.733,3475,2023,0.0910700187087059,0.116080099461184
24003740704,Census Tract 7407.04; Anne Arundel County; Maryland,B01003_001,7125,541,0.008,0.103,0.02,0.337,0.068,8.2,0.036,0.672,7125,2023,0.107106603682041,0.0750668149349532
24003730702,Census Tract 7307.02; Anne Arundel County; Maryland,B01003_001,4283,592,0.006,0.102,0.003,0.243,0,3.2,0.027,0.714,4283,2023,0.0786108300089836,0.0883390350917621
24047951102,Census Tract 9511.02; Worcester County; Maryland,B01003_001,3414,459,0.039,0.126,0.027,0.238,0,11.8,0.025,0.412,3414,2023,0.100011378526688,0.13959621958309
24003731209,Census Tract 7312.09; Anne Arundel County; Maryland,B01003_001,5289,760,0.012,0.105,0.013,0.262,0.045,7,0.058,0.75,5289,2023,0.0796529576182365,0.0864819340156329
24003740501,Census Tract 7405.01; Anne Arundel County; Maryland,B01003_001,5851,888,0,0.07,0.046,0.305,0.158,18.2,0.094,0.837,5851,2023,0.0923556461930275,0.113499350305143
24003730102,Census Tract 7301.02; Anne Arundel County; Maryland,B01003_001,11804,1240,0.024,0.098,0.063,0.279,0.087,12.6,0.044,0.875,11804,2023,0.138632297515869,0.0281943608357283
24003730514,Census Tract 7305.14; Anne Arundel County; Maryland,B01003_001,3007,641,0.009,0.148,0.095,0.421,0.142,16.5,0.087,0.727,3007,2023,0.167092472314835,0.202804738056386
24003730510,Census Tract 7305.10; Anne Arundel County; Maryland,B01003_001,3270,669,0.017,0.153,0.035,0.316,0.021,3.8,0.026,0.698,3270,2023,0.106243491172791,0.183580466825052
24003706304,Census Tract 7063.04; Anne Arundel County; Maryland,B01003_001,2190,265,0.023,0.115,0.035,0.332,0.037,25.6,0,0.614,2190,2023,0.170003548264503,0.172292527465954
24045010504,Census Tract 105.04; Wicomico County; Maryland,B01003_001,4710,634,0.046,0.164,0.216,0.377,0.205,24.5,0.048,0.65,4710,2023,0.163006633520126,0.160546961126034
24015030508,Census Tract 305.08; Cecil County; Maryland,B01003_001,4674,732,0.011,0.104,0.09,0.17,0.376,20.2,0.041,0.61,4674,2023,0.0817560702562332,0.141300210364962
24023000602,Census Tract 6.02; Garrett County; Maryland,B01003_001,1540,267,0.018,0.142,0,0.166,0.032,5.2,0.037,0.716,1540,2023,0.139931440353394,0.169215597855825
24023000501,Census Tract 5.01; Garrett County; Maryland,B01003_001,1736,262,0.003,0.194,0,0.24,0.047,8.4,0,0.489,1736,2023,0.130902290344238,0.161298974033126
24005402408,Census Tract 4024.08; Baltimore County; Maryland,B01003_001,2475,294,0.005,0.148,0.012,0.45,0.075,10.2,0.083,0.726,2475,2023,0.189128249883652,0.185379542572053
24025301706,Census Tract 3017.06; Harford County; Maryland,B01003_001,2789,497,0.018,0.018,0.025,0.293,0.082,12.7,0.043,0.812,2789,2023,0.1451116502285,0.128360040180653
24017851003,Census Tract 8510.03; Charles County; Maryland,B01003_001,4395,676,0.009,0.083,0.004,0.086,0.008,1.4,0.036,0.716,4395,2023,0.0464281216263771,0.125028943584079
24017851501,Census Tract 8515.01; Charles County; Maryland,B01003_001,4022,470,0.022,0.059,0.068,0.436,0,4.4,0.03,0.792,4022,2023,0.0982212051749229,0.136701820867087
24017851402,Census Tract 8514.02; Charles County; Maryland,B01003_001,3583,558,0.008,0.157,0,0.152,0,5.6,0.027,0.66,3583,2023,0.0732457712292671,0.106183280912742
24001002300,Census Tract 23; Allegany County; Maryland,B01003_001,5560,629,0.017,0.227,0.001,0.28,0.257,24.4,0.104,0.464,5560,2023,0.18781803548336,0.246393790210652
24043011700,Census Tract 117; Washington County; Maryland,B01003_001,5786,1069,0.039,0.119,0.017,0.223,0.091,11.1,0.021,0.567,5786,2023,0.0922131910920143,0.11721923838636
24043010401,Census Tract 104.01; Washington County; Maryland,B01003_001,4211,674,0.019,0.107,0.057,0.24,0.009,1.9,0.069,0.669,4211,2023,0.0870367139577866,0.141934950227451
24031700730,Census Tract 7007.30; Montgomery County; Maryland,B01003_001,4926,430,0.048,0.092,0.183,0.256,0.149,12.4,0.116,0.682,4926,2023,0.143256679177284,0.13617100934978
24031700733,Census Tract 7007.33; Montgomery County; Maryland,B01003_001,4990,435,0.051,0.093,0.212,0.417,0.067,8.8,0.04,0.807,4990,2023,0.147556632757187,0.160349744990172
24031700728,Census Tract 7007.28; Montgomery County; Maryland,B01003_001,2041,390,0.059,0.089,0.325,0.396,0.164,17.3,0.001,0.664,2041,2023,0.215089023113251,0.210921007166057
24031701427,Census Tract 7014.27; Montgomery County; Maryland,B01003_001,3223,382,0.027,0.05,0.148,0.19,0,4.7,0.028,0.756,3223,2023,0.0546655245125294,0.119408743545035
24031700729,Census Tract 7007.29; Montgomery County; Maryland,B01003_001,3091,717,0.079,0.076,0.342,0.209,0.26,17.3,0.047,0.716,3091,2023,0.138468280434608,0.173648477038768
24037876003,Census Tract 8760.03; St. Mary's County; Maryland,B01003_001,3579,641,0,0.08,0.003,0.138,0.019,2.7,0.029,0.754,3579,2023,0.0450171045958996,0.124809877952425
24037875502,Census Tract 8755.02; St. Mary's County; Maryland,B01003_001,4475,494,0.031,0.095,0.068,0.364,0.036,4.6,0.011,0.608,4475,2023,0.142992928624153,0.107696349863404
24031700726,Census Tract 7007.26; Montgomery County; Maryland,B01003_001,3658,795,0.116,0.04,0.322,0.438,0.218,26.1,0.033,0.827,3658,2023,0.195627585053444,0.180289897146166
24031701426,Census Tract 7014.26; Montgomery County; Maryland,B01003_001,6321,1113,0.078,0.062,0.152,0.316,0,2.8,0.059,0.779,6321,2023,0.104717381298542,0.0693838517614224
24031700210,Census Tract 7002.10; Montgomery County; Maryland,B01003_001,8427,793,0.033,0.052,0.121,0.197,0.069,6.8,0.049,0.757,8427,2023,0.0485249757766724,0.0534935054085288
24031702604,Census Tract 7026.04; Montgomery County; Maryland,B01003_001,3143,502,0.016,0.11,0.065,0.366,0.208,35,0.038,0.917,3143,2023,0.335683941841126,0.176280967412933
24033801105,Census Tract 8011.05; Prince George's County; Maryland,B01003_001,1393,255,0.055,0.054,0.02,0.075,0.033,5.2,0.02,0.837,1393,2023,0.134587660431862,0.17716197270421
24033801106,Census Tract 8011.06; Prince George's County; Maryland,B01003_001,1682,413,0,0.049,0.013,0.114,0.023,3.7,0.074,0.747,1682,2023,0.150926768779755,0.181638516534458
24033980000,Census Tract 9800; Prince George's County; Maryland,B01003_001,14041,660,0.031,0.034,0.03,0.49,0.31,43.1,0.142,0.364,14041,2023,0.275751292705536,0.068332343534978
24027606808,Census Tract 6068.08; Howard County; Maryland,B01003_001,6657,1121,0.01,0.087,0.044,0.214,0,2.3,0.024,0.66,6657,2023,0.0622920766472817,0.0583698751682911
24027605404,Census Tract 6054.04; Howard County; Maryland,B01003_001,4482,744,0.001,0.136,0.019,0.262,0.325,40.3,0.014,0.706,4482,2023,0.0951029509305954,0.156150942840704
24021750804,Census Tract 7508.04; Frederick County; Maryland,B01003_001,2802,794,0.056,0.172,0.056,0.275,0,5.4,0.029,0.715,2802,2023,0.134252384305,0.150956248372783
24033801904,Census Tract 8019.04; Prince George's County; Maryland,B01003_001,3334,669,0.055,0.118,0.084,0.341,0,9.6,0.013,0.723,3334,2023,0.147522673010826,0.142775156388332
24033802301,Census Tract 8023.01; Prince George's County; Maryland,B01003_001,3152,596,0.053,0.086,0.08,0.379,0.265,15.9,0.081,0.713,3152,2023,0.18438908457756,0.169396134096161
24033802103,Census Tract 8021.03; Prince George's County; Maryland,B01003_001,2884,439,0.077,0.172,0.035,0.502,0.088,13.4,0.041,0.68,2884,2023,0.183130457997322,0.181338367518867
24033803526,Census Tract 8035.26; Prince George's County; Maryland,B01003_001,3488,494,0.022,0.154,0.066,0.448,0,9.2,0.012,0.75,3488,2023,0.12068859487772,0.165605725451214
24033803513,Census Tract 8035.13; Prince George's County; Maryland,B01003_001,5914,1519,0.007,0.11,0,0.539,0.11,19.7,0.119,0.786,5914,2023,0.149964183568954,0.120590488790502
24033800401,Census Tract 8004.01; Prince George's County; Maryland,B01003_001,2352,203,0.009,0.099,0.045,0.257,0.008,1.9,0.078,0.67,2352,2023,0.13378070294857,0.134697096292102
24033800412,Census Tract 8004.12; Prince George's County; Maryland,B01003_001,4787,1543,0.151,0.106,0.23,0.331,0.167,16.1,0.044,0.721,4787,2023,0.160988584160805,0.168861218818289
24033805202,Census Tract 8052.02; Prince George's County; Maryland,B01003_001,3913,591,0.065,0.106,0.365,0.222,0.065,10.4,0.062,0.75,3913,2023,0.127016767859459,0.182338694968774
24033805906,Census Tract 8059.06; Prince George's County; Maryland,B01003_001,3718,734,0.211,0.053,0.471,0.177,0.221,13.7,0.018,0.807,3718,2023,0.158630236983299,0.204884891316835
24033804600,Census Tract 8046; Prince George's County; Maryland,B01003_001,3621,408,0.191,0.082,0.264,0.321,0.136,12.7,0.024,0.719,3621,2023,0.175262078642845,0.155897197469857
24033806712,Census Tract 8067.12; Prince George's County; Maryland,B01003_001,3727,1018,0,0.122,0.045,0.521,0.538,43.3,0.168,0.796,3727,2023,0.275717705488205,0.157185542737058
24033805700,Census Tract 8057; Prince George's County; Maryland,B01003_001,6907,1041,0.38,0.123,0.563,0.293,0.181,11.6,0.052,0.659,6907,2023,0.288829118013382,0.206015958427358
24033802805,Census Tract 8028.05; Prince George's County; Maryland,B01003_001,5268,692,0.08,0.163,0.087,0.41,0.031,4,0.078,0.642,5268,2023,0.193220138549805,0.181189343811665
24033806601,Census Tract 8066.01; Prince George's County; Maryland,B01003_001,5698,930,0.283,0.046,0.44,0.308,0.175,13.4,0.09,0.773,5698,2023,0.259192138910294,0.184347147391003
24033801907,Census Tract 8019.07; Prince George's County; Maryland,B01003_001,3242,385,0.027,0.227,0.015,0.528,0.058,10,0.05,0.513,3242,2023,0.292471081018448,0.180229658418312
24033806710,Census Tract 8067.10; Prince George's County; Maryland,B01003_001,4472,619,0.008,0.156,0.092,0.545,0.042,7.3,0.075,0.821,4472,2023,0.16757570207119,0.170814189188365
24033806800,Census Tract 8068; Prince George's County; Maryland,B01003_001,4012,229,0.132,0.092,0.285,0.25,0.032,4.6,0.041,0.696,4012,2023,0.150823593139648,0.16836874996278
24033800211,Census Tract 8002.11; Prince George's County; Maryland,B01003_001,2552,405,0.041,0.136,0.111,0.398,0.198,20.8,0.072,0.721,2552,2023,0.201679810881615,0.173392290943738
24033801311,Census Tract 8013.11; Prince George's County; Maryland,B01003_001,6786,479,0.026,0.078,0.028,0.233,0.035,6.1,0.054,0.776,6786,2023,0.0829110443592072,0.104739532693193
24033800607,Census Tract 8006.07; Prince George's County; Maryland,B01003_001,6425,740,0.015,0.111,0.018,0.249,0.023,3.3,0.041,0.702,6425,2023,0.0897894948720932,0.117119438831079
24033801901,Census Tract 8019.01; Prince George's County; Maryland,B01003_001,4918,867,0.037,0.114,0.069,0.261,0.125,13.2,0.077,0.645,4918,2023,0.130998253822327,0.154474486920741
24003731103,Census Tract 7311.03; Anne Arundel County; Maryland,B01003_001,5240,534,0.008,0.099,0.013,0.194,0,3.7,0.032,0.688,5240,2023,0.0592067800462246,0.0732004543578558
24003731003,Census Tract 7310.03; Anne Arundel County; Maryland,B01003_001,4685,527,0.006,0.12,0.002,0.21,0,3.8,0.052,0.72,4685,2023,0.0650448575615883,0.0793611802769492
24005451200,Census Tract 4512; Baltimore County; Maryland,B01003_001,3998,428,0.038,0.156,0.003,0.326,0,7,0.069,0.664,3998,2023,0.149050191044807,0.151983749274066
24005451701,Census Tract 4517.01; Baltimore County; Maryland,B01003_001,6638,776,0.036,0.086,0.047,0.263,0.036,6.3,0.033,0.749,6638,2023,0.101602874696255,0.122152565236922
24005451000,Census Tract 4510; Baltimore County; Maryland,B01003_001,1730,272,0.005,0.141,0,0.206,0,13.9,0.023,0.611,1730,2023,0.127802610397339,0.168059348603352
24005402201,Census Tract 4022.01; Baltimore County; Maryland,B01003_001,3603,619,0.017,0.1,0.015,0.228,0.198,21.4,0.071,0.587,3603,2023,0.108813241124153,0.151755047742659
24005400500,Census Tract 4005; Baltimore County; Maryland,B01003_001,2692,254,0.013,0.082,0.004,0.137,0,6.6,0.029,0.621,2692,2023,0.0654101371765137,0.143486139318038
24005430101,Census Tract 4301.01; Baltimore County; Maryland,B01003_001,5430,823,0.166,0.099,0.238,0.204,0.318,26.7,0.092,0.671,5430,2023,0.156958848237991,0.207494860213029
24005430400,Census Tract 4304; Baltimore County; Maryland,B01003_001,4567,495,0.04,0.09,0.058,0.186,0.083,9.7,0.039,0.731,4567,2023,0.0770310312509537,0.126268609562073
24005421102,Census Tract 4211.02; Baltimore County; Maryland,B01003_001,2614,525,0.051,0.175,0.015,0.344,0.225,18.1,0.06,0.521,2614,2023,0.263121604919434,0.183138037119291
24005421000,Census Tract 4210; Baltimore County; Maryland,B01003_001,1908,296,0.106,0.289,0.058,0.371,0.327,27.8,0.128,0.408,1908,2023,0.320330679416657,0.183704635144406
24005450501,Census Tract 4505.01; Baltimore County; Maryland,B01003_001,4078,621,0.111,0.218,0.067,0.322,0.147,17,0.032,0.548,4078,2023,0.270563095808029,0.155949248018108
24005452100,Census Tract 4521; Baltimore County; Maryland,B01003_001,3342,652,0.019,0.098,0.036,0.226,0.053,4,0.063,0.609,3342,2023,0.0872991308569908,0.170011950493219
24005403803,Census Tract 4038.03; Baltimore County; Maryland,B01003_001,3365,650,0.003,0.073,0.063,0.318,0.002,0.4,0.005,0.559,3365,2023,0.0921383500099182,0.120832681865143
24005400400,Census Tract 4004; Baltimore County; Maryland,B01003_001,5371,695,0.016,0.106,0.01,0.269,0.1,13.2,0.019,0.615,5371,2023,0.0994613990187645,0.137932743396502
24005411409,Census Tract 4114.09; Baltimore County; Maryland,B01003_001,4914,359,0.032,0.07,0.036,0.19,0.074,6.7,0.036,0.727,4914,2023,0.0485249757766724,0.113058972358865
24005491100,Census Tract 4911; Baltimore County; Maryland,B01003_001,3740,469,0.015,0.048,0.045,0.291,0,4.3,0.062,0.73,3740,2023,0.0758114829659462,0.112353067577241
24005450900,Census Tract 4509; Baltimore County; Maryland,B01003_001,4501,620,0.026,0.128,0.013,0.226,0.055,5.3,0.04,0.685,4501,2023,0.0703854486346245,0.166046937734781
24005402504,Census Tract 4025.04; Baltimore County; Maryland,B01003_001,4973,637,0.012,0.088,0.015,0.251,0.093,8.2,0.076,0.633,4973,2023,0.106685116887093,0.150120170974851
24005403402,Census Tract 4034.02; Baltimore County; Maryland,B01003_001,4899,700,0.079,0.168,0.057,0.499,0.143,15.2,0.097,0.601,4899,2023,0.222188398241997,0.16119017421696
24005411102,Census Tract 4111.02; Baltimore County; Maryland,B01003_001,3310,435,0,0.131,0.007,0.082,0,7.2,0.013,0.657,3310,2023,0.0604670904576778,0.121872091669266
24005404403,Census Tract 4044.03; Baltimore County; Maryland,B01003_001,5031,678,0.005,0.103,0.09,0.518,0.05,7.1,0.022,0.691,5031,2023,0.117451161146164,0.158217719727561
24005408400,Census Tract 4084; Baltimore County; Maryland,B01003_001,1222,135,0.01,0.154,0.031,0.38,0.078,13.4,0.03,0.56,1222,2023,0.217857733368874,0.168213737261484
24005403100,Census Tract 4031; Baltimore County; Maryland,B01003_001,2236,402,0.025,0.148,0.027,0.367,0.016,2.9,0.035,0.594,2236,2023,0.202010840177536,0.17454900248964
24005408800,Census Tract 4088; Baltimore County; Maryland,B01003_001,2311,487,0.002,0.11,0.02,0.293,0,9.5,0.071,0.732,2311,2023,0.163763418793678,0.121188463989046
24033807408,Census Tract 8074.08; Prince George's County; Maryland,B01003_001,5816,945,0.094,0.087,0.079,0.43,0.134,12.2,0.048,0.663,5816,2023,0.162091940641403,0.123932163373404
24033800504,Census Tract 8005.04; Prince George's County; Maryland,B01003_001,4442,560,0.018,0.113,0.044,0.249,0.035,5.6,0.039,0.702,4442,2023,0.09287478774786,0.12326573356688
24033801210,Census Tract 8012.10; Prince George's County; Maryland,B01003_001,4243,502,0.016,0.098,0.039,0.251,0.116,13.3,0.022,0.662,4243,2023,0.0870367139577866,0.171644919680516
24033800103,Census Tract 8001.03; Prince George's County; Maryland,B01003_001,2323,397,0.102,0.059,0.264,0.352,0.129,18.5,0.038,0.852,2323,2023,0.20566788315773,0.170608495435935
24033800203,Census Tract 8002.03; Prince George's County; Maryland,B01003_001,4764,623,0.026,0.065,0.088,0.146,0.03,2.9,0.033,0.744,4764,2023,0.0357463099062443,0.111356127561239
24033801404,Census Tract 8014.04; Prince George's County; Maryland,B01003_001,6046,1340,0.057,0.12,0.159,0.325,0.124,18.3,0.058,0.773,6046,2023,0.148865461349487,0.128778613857937
24033800704,Census Tract 8007.04; Prince George's County; Maryland,B01003_001,5068,649,0.027,0.119,0.009,0.38,0.013,2.1,0.015,0.713,5068,2023,0.113528057932854,0.103398565833748
24033800513,Census Tract 8005.13; Prince George's County; Maryland,B01003_001,7290,811,0.037,0.12,0.029,0.205,0,2.2,0.054,0.705,7290,2023,0.0869947746396065,0.0915552470318442
24003706500,Census Tract 7065; Anne Arundel County; Maryland,B01003_001,5543,1115,0,0.113,0,0.377,0.032,5.6,0.058,0.637,5543,2023,0.117473930120468,0.12481597962314
24003730901,Census Tract 7309.01; Anne Arundel County; Maryland,B01003_001,2900,558,0.003,0.064,0.026,0.078,0.016,2,0.019,0.625,2900,2023,0.0436531379818916,0.16351731784598
24003707002,Census Tract 7070.02; Anne Arundel County; Maryland,B01003_001,4494,566,0.003,0.087,0.008,0.254,0.065,8.6,0.055,0.654,4494,2023,0.0786108300089836,0.109770689905277
24003706600,Census Tract 7066; Anne Arundel County; Maryland,B01003_001,5221,643,0.016,0.066,0.02,0.36,0.064,9.8,0.029,0.651,5221,2023,0.0965469256043434,0.148725724125282
24003741000,Census Tract 7410; Anne Arundel County; Maryland,B01003_001,2668,340,0.015,0.097,0.029,0.131,0.051,5.5,0.028,0.705,2668,2023,0.0709069147706032,0.141337575835054
24003702602,Census Tract 7026.02; Anne Arundel County; Maryland,B01003_001,6153,894,0,0.063,0.001,0.165,0.013,2.1,0.018,0.652,6153,2023,0.0442247651517391,0.128342376253638
24003707001,Census Tract 7070.01; Anne Arundel County; Maryland,B01003_001,5500,736,0.004,0.11,0.012,0.231,0.12,11.8,0.031,0.682,5500,2023,0.0650448575615883,0.0813653942960648
24003731306,Census Tract 7313.06; Anne Arundel County; Maryland,B01003_001,6268,822,0.016,0.147,0.035,0.079,0.031,5.2,0.029,0.665,6268,2023,0.0661783218383789,0.0741307479918011
24003731105,Census Tract 7311.05; Anne Arundel County; Maryland,B01003_001,3161,308,0.008,0.133,0.013,0.134,0,5.4,0.06,0.639,3161,2023,0.0783256515860558,0.0991069010872517
24033803520,Census Tract 8035.20; Prince George's County; Maryland,B01003_001,4563,856,0.023,0.09,0.014,0.181,0.046,7.4,0.048,0.722,4563,2023,0.0645473748445511,0.156889186487935
24033800515,Census Tract 8005.15; Prince George's County; Maryland,B01003_001,4375,552,0.027,0.077,0.041,0.401,0.117,16,0.078,0.789,4375,2023,0.133388578891754,0.128776920529452
24033800511,Census Tract 8005.11; Prince George's County; Maryland,B01003_001,5680,785,0.012,0.08,0.037,0.444,0.062,8.5,0.036,0.775,5680,2023,0.110595479607582,0.102020181801243
24033802404,Census Tract 8024.04; Prince George's County; Maryland,B01003_001,3817,558,0.015,0.105,0.024,0.552,0.313,28.1,0.053,0.659,3817,2023,0.134792879223824,0.170837092291519
24033801906,Census Tract 8019.06; Prince George's County; Maryland,B01003_001,1850,281,0.028,0.102,0.109,0.416,0.114,10.9,0.044,0.688,1850,2023,0.194007784128189,0.197699663371496
24033801407,Census Tract 8014.07; Prince George's County; Maryland,B01003_001,7010,1485,0.1,0.093,0.114,0.321,0.04,6.4,0.067,0.726,7010,2023,0.130109041929245,0.146625553679164
24033800606,Census Tract 8006.06; Prince George's County; Maryland,B01003_001,4376,751,0,0.11,0.018,0.515,0.046,7.3,0.067,0.804,4376,2023,0.125364750623703,0.128750894594225
24033806602,Census Tract 8066.02; Prince George's County; Maryland,B01003_001,4967,631,0.209,0.052,0.389,0.258,0.318,16.6,0.055,0.67,4967,2023,0.179445311427116,0.193872954117521
24033801312,Census Tract 8013.12; Prince George's County; Maryland,B01003_001,5248,1214,0.1,0.069,0.109,0.223,0.027,5.1,0.113,0.707,5248,2023,0.119280219078064,0.0882396953742925
24033801308,Census Tract 8013.08; Prince George's County; Maryland,B01003_001,3505,452,0.025,0.107,0.038,0.224,0.071,6.8,0.026,0.639,3505,2023,0.07034732401371,0.118556723538332
24033803900,Census Tract 8039; Prince George's County; Maryland,B01003_001,4196,876,0.327,0.046,0.506,0.17,0.399,27.8,0.092,0.661,4196,2023,0.287363886833191,0.199439599372675
24033804200,Census Tract 8042; Prince George's County; Maryland,B01003_001,2794,384,0.03,0.127,0.036,0.271,0.051,7.8,0.036,0.719,2794,2023,0.114095501601696,0.195824095587841
24033804400,Census Tract 8044; Prince George's County; Maryland,B01003_001,2741,438,0.214,0.118,0.321,0.327,0.087,5.8,0.048,0.715,2741,2023,0.23015308380127,0.171705490085768
24005408506,Census Tract 4085.06; Baltimore County; Maryland,B01003_001,5001,1002,0.049,0.074,0.072,0.325,0.114,15.5,0.065,0.847,5001,2023,0.128615587949753,0.106881471252893
24005440600,Census Tract 4406; Baltimore County; Maryland,B01003_001,2466,294,0.036,0.085,0.012,0.212,0,8.4,0.008,0.724,2466,2023,0.0708882287144661,0.151966734068679
24005490800,Census Tract 4908; Baltimore County; Maryland,B01003_001,3332,477,0.032,0.07,0.014,0.229,0.15,15.1,0.043,0.611,3332,2023,0.0692318305373192,0.119034270231084
24005490200,Census Tract 4902; Baltimore County; Maryland,B01003_001,3201,491,0.086,0.072,0.091,0.188,0.099,6.3,0.044,0.66,3201,2023,0.0875560790300369,0.153745523225976
24005491401,Census Tract 4914.01; Baltimore County; Maryland,B01003_001,4966,1063,0.011,0.141,0.035,0.447,0.059,6.4,0.039,0.738,4966,2023,0.121919818222523,0.121700868255044
24005420200,Census Tract 4202; Baltimore County; Maryland,B01003_001,3363,420,0.033,0.176,0.029,0.28,0,7.3,0.014,0.657,3363,2023,0.128808423876762,0.171418620287922
24005491701,Census Tract 4917.01; Baltimore County; Maryland,B01003_001,4241,532,0.01,0.108,0.02,0.384,0.174,16.8,0.038,0.705,4241,2023,0.117473930120468,0.144596684873045
24005492002,Census Tract 4920.02; Baltimore County; Maryland,B01003_001,3779,555,0.008,0.122,0.016,0.301,0.051,6.5,0.029,0.696,3779,2023,0.0923313573002815,0.145138232805365
24005411406,Census Tract 4114.06; Baltimore County; Maryland,B01003_001,4436,500,0.044,0.161,0.045,0.261,0.123,17.3,0.037,0.59,4436,2023,0.143507495522499,0.118862605388002
24005401101,Census Tract 4011.01; Baltimore County; Maryland,B01003_001,6228,952,0.036,0.183,0.062,0.377,0.21,24.8,0.06,0.689,6228,2023,0.176515012979507,0.16577752090468
24005401503,Census Tract 4015.03; Baltimore County; Maryland,B01003_001,6331,714,0.046,0.093,0.016,0.301,0.154,18.2,0.063,0.748,6331,2023,0.113188207149506,0.123177411031978
24005400701,Census Tract 4007.01; Baltimore County; Maryland,B01003_001,3095,318,0.039,0.096,0.04,0.282,0.054,6,0.052,0.773,3095,2023,0.113136127591133,0.151753821938142
24005401200,Census Tract 4012; Baltimore County; Maryland,B01003_001,3538,564,0.016,0.126,0.036,0.336,0.048,5.7,0.09,0.73,3538,2023,0.144558995962143,0.219013626380136
24005420302,Census Tract 4203.02; Baltimore County; Maryland,B01003_001,2407,469,0.027,0.178,0.05,0.371,0.389,21,0.093,0.615,2407,2023,0.234586909413338,0.192387546070868
24005420402,Census Tract 4204.02; Baltimore County; Maryland,B01003_001,2073,329,0.024,0.105,0.104,0.308,0.091,8.7,0.102,0.694,2073,2023,0.173846572637558,0.200517973949317
24005404900,Census Tract 4049; Baltimore County; Maryland,B01003_001,4401,642,0.006,0.165,0.071,0.215,0,7.4,0.062,0.584,4401,2023,0.102120377123356,0.147967092586345
24005408602,Census Tract 4086.02; Baltimore County; Maryland,B01003_001,1893,189,0.008,0.071,0.034,0.22,0.012,2.1,0.057,0.656,1893,2023,0.108281143009663,0.156344050266383
24005402604,Census Tract 4026.04; Baltimore County; Maryland,B01003_001,6778,1097,0.038,0.12,0.053,0.406,0.081,8.5,0.109,0.61,6778,2023,0.180975094437599,0.123987664245262
24005420301,Census Tract 4203.01; Baltimore County; Maryland,B01003_001,2353,367,0.037,0.153,0.027,0.333,0.163,16.7,0.115,0.669,2353,2023,0.214169204235077,0.185848805152068
24005402307,Census Tract 4023.07; Baltimore County; Maryland,B01003_001,6727,1156,0.029,0.05,0.042,0.439,0.072,10.4,0.062,0.757,6727,2023,0.104793004691601,0.126375461708106
24005403300,Census Tract 4033; Baltimore County; Maryland,B01003_001,2613,418,0.02,0.098,0.008,0.338,0,7.5,0.087,0.7,2613,2023,0.173700958490372,0.199180189470153
24005400702,Census Tract 4007.02; Baltimore County; Maryland,B01003_001,2196,381,0.029,0.135,0.055,0.391,0.22,23.1,0.015,0.661,2196,2023,0.179142266511917,0.145309016438475
24031703215,Census Tract 7032.15; Montgomery County; Maryland,B01003_001,3204,429,0.14,0.064,0.235,0.369,0.184,18.6,0.114,0.729,3204,2023,0.187056303024292,0.199836221103503
24031701306,Census Tract 7013.06; Montgomery County; Maryland,B01003_001,2665,238,0.011,0.064,0.045,0.118,0.016,2.5,0.029,0.701,2665,2023,0.0505843013525009,0.123042891920934
24031703403,Census Tract 7034.03; Montgomery County; Maryland,B01003_001,3413,429,0.158,0.044,0.287,0.251,0.142,10.7,0.027,0.751,3413,2023,0.145205155014992,0.170700337070134
24031700905,Census Tract 7009.05; Montgomery County; Maryland,B01003_001,4359,728,0.033,0.072,0.283,0.275,0.076,5.5,0.016,0.684,4359,2023,0.109753772616386,0.156689877425136
24031706011,Census Tract 7060.11; Montgomery County; Maryland,B01003_001,5733,879,0.025,0.113,0.084,0.117,0.008,1.2,0.008,0.608,5733,2023,0.0929097384214401,0.110688344807698
24031705702,Census Tract 7057.02; Montgomery County; Maryland,B01003_001,4721,565,0.007,0.093,0.073,0.224,0.022,3.3,0.065,0.596,4721,2023,0.0817560702562332,0.12640600375681
24031702000,Census Tract 7020; Montgomery County; Maryland,B01003_001,5830,721,0.362,0.07,0.498,0.143,0.186,14.1,0.096,0.792,5830,2023,0.270459562540054,0.163686733572793
24043011400,Census Tract 114; Washington County; Maryland,B01003_001,6482,605,0.027,0.104,0.002,0.247,0.031,4.2,0.035,0.611,6482,2023,0.100903235375881,0.0771123309262316
24043010200,Census Tract 102; Washington County; Maryland,B01003_001,4736,415,0.007,0.134,0.016,0.152,0.084,10.8,0.005,0.598,4736,2023,0.0747292563319206,0.130914526740956
24043010300,Census Tract 103; Washington County; Maryland,B01003_001,7848,972,0.028,0.152,0.061,0.176,0.037,5.1,0.019,0.636,7848,2023,0.0789569988846779,0.108980059430917
24043000500,Census Tract 5; Washington County; Maryland,B01003_001,6263,701,0.064,0.256,0.046,0.388,0.486,19.2,0.099,0.602,6263,2023,0.271985173225403,0.161869707110051
24043000200,Census Tract 2; Washington County; Maryland,B01003_001,4206,574,0.02,0.109,0.029,0.296,0.042,6.3,0.047,0.689,4206,2023,0.0980425849556923,0.210619813569085
24043011302,Census Tract 113.02; Washington County; Maryland,B01003_001,3757,446,0.041,0.07,0.035,0.187,0,5.8,0.049,0.679,3757,2023,0.0688893422484398,0.134096791886928
24031701201,Census Tract 7012.01; Montgomery County; Maryland,B01003_001,6790,1094,0.146,0.088,0.248,0.219,0.06,6.3,0.024,0.723,6790,2023,0.128704890608788,0.1111034904626
24031706013,Census Tract 7060.13; Montgomery County; Maryland,B01003_001,2965,386,0.007,0.093,0.068,0.072,0.029,4.6,0.031,0.608,2965,2023,0.0805106535553932,0.119869235467595
24031702401,Census Tract 7024.01; Montgomery County; Maryland,B01003_001,2704,307,0.008,0.07,0.028,0.3,0.015,2.5,0.033,0.768,2704,2023,0.10999695956707,0.162207023017226
24031703210,Census Tract 7032.10; Montgomery County; Maryland,B01003_001,3969,721,0.075,0.074,0.174,0.217,0.034,5.3,0.055,0.655,3969,2023,0.0909819751977921,0.111555452798574
24031702302,Census Tract 7023.02; Montgomery County; Maryland,B01003_001,4305,561,0.015,0.085,0.126,0.335,0.025,4.2,0.053,0.773,4305,2023,0.111406818032265,0.120754901347287
24031701215,Census Tract 7012.15; Montgomery County; Maryland,B01003_001,4822,1063,0.009,0.101,0.07,0.444,0.09,14.9,0.06,0.713,4822,2023,0.114721149206162,0.0992057355800386
24031700715,Census Tract 7007.15; Montgomery County; Maryland,B01003_001,6588,1222,0.108,0.096,0.349,0.288,0.089,9.9,0.041,0.681,6588,2023,0.166835188865662,0.124550213992606
24031700832,Census Tract 7008.32; Montgomery County; Maryland,B01003_001,2961,389,0.089,0.121,0.38,0.28,0.11,8.6,0.012,0.662,2961,2023,0.170370981097221,0.158849387807001
24031701308,Census Tract 7013.08; Montgomery County; Maryland,B01003_001,4638,559,0.037,0.126,0.192,0.163,0,3.8,0.058,0.638,4638,2023,0.0904206708073616,0.162542926668617
24031700500,Census Tract 7005; Montgomery County; Maryland,B01003_001,7091,412,0.036,0.093,0.086,0.203,0.052,4.4,0.037,0.623,7091,2023,0.0914988815784454,0.0743314409201556
24031700309,Census Tract 7003.09; Montgomery County; Maryland,B01003_001,5039,613,0.029,0.114,0.098,0.433,0.077,8.5,0.04,0.815,5039,2023,0.121774159371853,0.130250979982711
24031701506,Census Tract 7015.06; Montgomery County; Maryland,B01003_001,4945,673,0.075,0.078,0.17,0.234,0.076,6.7,0.06,0.621,4945,2023,0.128999456763268,0.124479459116043
24031701205,Census Tract 7012.05; Montgomery County; Maryland,B01003_001,7087,870,0.015,0.082,0.052,0.102,0,2.2,0.02,0.626,7087,2023,0.0651961863040924,0.127262317438513
24031701303,Census Tract 7013.03; Montgomery County; Maryland,B01003_001,3532,294,0.021,0.087,0.05,0.135,0,5.4,0.015,0.577,3532,2023,0.0838679820299149,0.19963505760817
24031700104,Census Tract 7001.04; Montgomery County; Maryland,B01003_001,4977,468,0.021,0.085,0.142,0.147,0.114,11,0.034,0.703,4977,2023,0.0582798980176449,0.147968090471817
24037875400,Census Tract 8754; St. Mary's County; Maryland,B01003_001,7213,964,0.023,0.109,0.012,0.227,0,2.5,0.065,0.716,7213,2023,0.0703854486346245,0.0844881404685188
24037875300,Census Tract 8753; St. Mary's County; Maryland,B01003_001,3264,444,0.041,0.126,0,0.207,0,8.5,0.082,0.58,3264,2023,0.147271677851677,0.12526986154195
24037875100,Census Tract 8751; St. Mary's County; Maryland,B01003_001,5582,777,0.039,0.1,0.014,0.181,0.16,15.1,0.044,0.595,5582,2023,0.0950232222676277,0.0808619754485675
24039930101,Census Tract 9301.01; Somerset County; Maryland,B01003_001,6889,559,0.031,0.144,0.041,0.351,0.44,20.4,0.078,0.552,6889,2023,0.211367160081863,0.0935776528144464
24027606906,Census Tract 6069.06; Howard County; Maryland,B01003_001,6772,759,0.074,0.061,0.132,0.22,0.006,0.9,0.033,0.696,6772,2023,0.0808452963829041,0.101000918259514
24021766800,Census Tract 7668; Frederick County; Maryland,B01003_001,5364,201,0.045,0.124,0.042,0.238,0.012,1.8,0.032,0.536,5364,2023,0.129373133182526,0.101405044013431
24021767600,Census Tract 7676; Frederick County; Maryland,B01003_001,3490,450,0.019,0.091,0.009,0.163,0.067,9.6,0.027,0.706,3490,2023,0.0672620311379433,0.101126426158762
24029950100,Census Tract 9501; Kent County; Maryland,B01003_001,3704,387,0.054,0.14,0.044,0.221,0.057,6.4,0.017,0.653,3704,2023,0.109866283833981,0.118834971523515
24029950300,Census Tract 9503; Kent County; Maryland,B01003_001,5949,270,0.036,0.17,0.009,0.491,0.22,10.7,0.036,0.515,5949,2023,0.205732315778732,0.0797744420375993
24029950500,Census Tract 9505; Kent County; Maryland,B01003_001,2384,293,0.013,0.179,0.015,0.3,0.134,11.1,0.012,0.568,2384,2023,0.155212804675102,0.137369792154518
24031701509,Census Tract 7015.09; Montgomery County; Maryland,B01003_001,6546,746,0.065,0.075,0.192,0.362,0.264,13.3,0.074,0.721,6546,2023,0.169134795665741,0.151576631298376
24031700710,Census Tract 7007.10; Montgomery County; Maryland,B01003_001,6844,1080,0.19,0.084,0.31,0.178,0,2.5,0.016,0.643,6844,2023,0.161534026265144,0.111124252226087
24031706007,Census Tract 7060.07; Montgomery County; Maryland,B01003_001,7065,805,0.009,0.049,0.096,0.116,0.018,3.2,0.021,0.648,7065,2023,0.0345313921570778,0.0614102197458892
24031701408,Census Tract 7014.08; Montgomery County; Maryland,B01003_001,5840,481,0.077,0.066,0.066,0.145,0.075,13,0.113,0.701,5840,2023,0.0926660224795341,0.100913451916589
24031701314,Census Tract 7013.14; Montgomery County; Maryland,B01003_001,2885,353,0,0.082,0.051,0.24,0,6.1,0.083,0.712,2885,2023,0.117828786373138,0.11734113846991
24031700616,Census Tract 7006.16; Montgomery County; Maryland,B01003_001,5231,654,0.008,0.065,0.089,0.222,0,3.8,0.038,0.682,5231,2023,0.0473100580275059,0.0742696071817166
24031700615,Census Tract 7006.15; Montgomery County; Maryland,B01003_001,2951,271,0.016,0.073,0.068,0.085,0.107,7.8,0.034,0.628,2951,2023,0.0657435357570648,0.10430738456778
24031701214,Census Tract 7012.14; Montgomery County; Maryland,B01003_001,4131,625,0.007,0.046,0.093,0.286,0,5.9,0.017,0.756,4131,2023,0.07047089189291,0.110576445626322
24031706008,Census Tract 7060.08; Montgomery County; Maryland,B01003_001,5215,771,0,0.068,0.034,0.144,0.014,2.2,0.022,0.573,5215,2023,0.0300814211368561,0.0763745887743359
24031705200,Census Tract 7052; Montgomery County; Maryland,B01003_001,3310,338,0,0.054,0.009,0.142,0.045,5.5,0.013,0.67,3310,2023,0.0341607518494129,0.116217193088842
24031701206,Census Tract 7012.06; Montgomery County; Maryland,B01003_001,6529,606,0.029,0.074,0.092,0.17,0,2.4,0.045,0.677,6529,2023,0.0566467754542828,0.103245805393023
24045010101,Census Tract 101.01; Wicomico County; Maryland,B01003_001,6843,761,0.027,0.09,0.125,0.254,0.187,13.1,0.048,0.673,6843,2023,0.0870367139577866,0.158681445638372
24045010200,Census Tract 102; Wicomico County; Maryland,B01003_001,5800,860,0.078,0.137,0.044,0.491,0.137,20.5,0.079,0.556,5800,2023,0.251578211784363,0.154172019160392
24045000400,Census Tract 4; Wicomico County; Maryland,B01003_001,3494,575,0.023,0.132,0.018,0.48,0.144,17.4,0.059,0.673,3494,2023,0.152071878314018,0.212320627737021
24045010606,Census Tract 106.06; Wicomico County; Maryland,B01003_001,4007,453,0.066,0.147,0.015,0.147,0.08,7.7,0.04,0.665,4007,2023,0.0940023213624954,0.130003852024687
24045010603,Census Tract 106.03; Wicomico County; Maryland,B01003_001,9304,886,0.025,0.106,0.059,0.311,0.141,12.9,0.093,0.736,9304,2023,0.112678252160549,0.0939966934414208
24025306200,Census Tract 3062; Harford County; Maryland,B01003_001,2365,300,0.003,0.174,0.061,0.202,0.217,21.1,0.05,0.71,2365,2023,0.106647849082947,0.183495426642153
24025301401,Census Tract 3014.01; Harford County; Maryland,B01003_001,7361,806,0.028,0.135,0.011,0.273,0.035,4,0.042,0.723,7361,2023,0.100443542003632,0.0939026786127649
24025302200,Census Tract 3022; Harford County; Maryland,B01003_001,3098,366,0.012,0.117,0.015,0.204,0,8.4,0.023,0.723,3098,2023,0.0765781030058861,0.160043676428538
24025301102,Census Tract 3011.02; Harford County; Maryland,B01003_001,3637,431,0.037,0.091,0.026,0.149,0.153,18,0.069,0.609,3637,2023,0.0880444869399071,0.0909855040063301
24025303300,Census Tract 3033; Harford County; Maryland,B01003_001,6525,942,0,0.063,0.009,0.124,0,3,0.008,0.624,6525,2023,0.0290346089750528,0.0566273424518593
24025302801,Census Tract 3028.01; Harford County; Maryland,B01003_001,3635,426,0.037,0.161,0.037,0.236,0.134,13.6,0.042,0.599,3635,2023,0.131551533937454,0.151002082632936
24025306300,Census Tract 3063; Harford County; Maryland,B01003_001,2847,556,0.017,0.091,0.014,0.157,0.426,30.6,0.02,0.653,2847,2023,0.0806002914905548,0.174820490265994
24025302901,Census Tract 3029.01; Harford County; Maryland,B01003_001,2470,399,0.009,0.115,0.034,0.647,0.569,21.3,0.071,0.656,2470,2023,0.330426454544067,0.1444107069971
24025303102,Census Tract 3031.02; Harford County; Maryland,B01003_001,2662,282,0.02,0.074,0.006,0.069,0.012,1.7,0.007,0.639,2662,2023,0.0568357259035111,0.129461049236652
24025302400,Census Tract 3024; Harford County; Maryland,B01003_001,4712,541,0.025,0.173,0.047,0.286,0.207,18.1,0.099,0.682,4712,2023,0.137168228626251,0.105819454509605
24510270803,Census Tract 2708.03; Baltimore city; Maryland,B01003_001,6235,730,0.014,0.132,0.081,0.619,0.165,23.7,0.082,0.613,6235,2023,0.267718851566315,0.132892559294073
24510271102,Census Tract 2711.02; Baltimore city; Maryland,B01003_001,4638,250,0.005,0.08,0.033,0.135,0,12.4,0.079,0.44,4638,2023,0.0752121582627296,0.179473975367127
24510130300,Census Tract 1303; Baltimore city; Maryland,B01003_001,1796,291,0.036,0.2,0.046,0.574,0.315,24.5,0.018,0.627,1796,2023,0.255845606327057,0.319214455039993
24510100200,Census Tract 1002; Baltimore city; Maryland,B01003_001,2959,740,0.031,0.227,0.011,0.722,0.646,30,0.118,0.346,2959,2023,0.640128076076508,0.355713663810975
24510090300,Census Tract 903; Baltimore city; Maryland,B01003_001,4435,634,0.056,0.216,0.016,0.593,0.589,22.2,0.067,0.616,4435,2023,0.364181369543076,0.214818176176968
24510160200,Census Tract 1602; Baltimore city; Maryland,B01003_001,1909,415,0.009,0.224,0.032,0.611,0.686,31.4,0.144,0.582,1909,2023,0.593645751476288,0.342782515403371
24510160700,Census Tract 1607; Baltimore city; Maryland,B01003_001,3645,694,0.047,0.143,0.004,0.51,0.301,34.1,0.299,0.597,3645,2023,0.359427571296692,0.345738371556919
24510150100,Census Tract 1501; Baltimore city; Maryland,B01003_001,2179,296,0.017,0.276,0.037,0.535,0.429,26.1,0.168,0.525,2179,2023,0.474109262228012,0.374207306881795
24510250207,Census Tract 2502.07; Baltimore city; Maryland,B01003_001,1984,477,0.114,0.181,0.023,0.517,0.22,20.5,0.094,0.66,1984,2023,0.254301428794861,0.33117093746322
24510240400,Census Tract 2404; Baltimore city; Maryland,B01003_001,2727,407,0.004,0.052,0.003,0.239,0.026,4.9,0.014,0.812,2727,2023,0.0755560621619225,0.146274010086653
24510240100,Census Tract 2401; Baltimore city; Maryland,B01003_001,3664,492,0.023,0.069,0.036,0.254,0,6.8,0.025,0.858,3664,2023,0.0706436857581139,0.0977973746380414
24510070300,Census Tract 703; Baltimore city; Maryland,B01003_001,1029,309,0.025,0.174,0.016,0.387,0.288,27.5,0.098,0.648,1029,2023,0.302025347948074,0.335314948794025
24510270301,Census Tract 2703.01; Baltimore city; Maryland,B01003_001,3409,821,0.01,0.118,0.012,0.229,0,5.3,0.045,0.58,3409,2023,0.0910539850592613,0.179072783671961
24510272003,Census Tract 2720.03; Baltimore city; Maryland,B01003_001,6565,1315,0.034,0.117,0.024,0.398,0.041,4,0.062,0.668,6565,2023,0.125899836421013,0.148973018568863
24510130600,Census Tract 1306; Baltimore city; Maryland,B01003_001,3627,481,0.003,0.059,0.021,0.283,0,13.9,0.012,0.833,3627,2023,0.07047089189291,0.190441161850689
24510271400,Census Tract 2714; Baltimore city; Maryland,B01003_001,3938,596,0.004,0.071,0.038,0.244,0.01,1.5,0.04,0.657,3938,2023,0.0734248906373978,0.172547457519223
24510120700,Census Tract 1207; Baltimore city; Maryland,B01003_001,2075,273,0.008,0.112,0.089,0.378,0.14,21.3,0.042,0.797,2075,2023,0.18269294500351,0.220066407556512
24510270805,Census Tract 2708.05; Baltimore city; Maryland,B01003_001,5346,1229,0.075,0.147,0.038,0.568,0.093,8.6,0.03,0.688,5346,2023,0.159208387136459,0.166895734488702
24510200701,Census Tract 2007.01; Baltimore city; Maryland,B01003_001,4595,641,0.028,0.253,0.006,0.528,0.017,2.5,0.065,0.588,4595,2023,0.269545614719391,0.258119586710334
24510160500,Census Tract 1605; Baltimore city; Maryland,B01003_001,2779,584,0.02,0.247,0,0.494,0.32,25.7,0.182,0.548,2779,2023,0.43462473154068,0.343681194707855
24510270804,Census Tract 2708.04; Baltimore city; Maryland,B01003_001,2523,353,0.007,0.185,0.083,0.49,0.233,27.9,0.031,0.647,2523,2023,0.197281211614609,0.149607681507109
24510270901,Census Tract 2709.01; Baltimore city; Maryland,B01003_001,3762,582,0.029,0.184,0.02,0.553,0.245,29.8,0.058,0.658,3762,2023,0.207703441381454,0.240838004585091
24510270401,Census Tract 2704.01; Baltimore city; Maryland,B01003_001,4543,641,0.013,0.107,0.003,0.537,0.22,22,0.08,0.632,4543,2023,0.151180863380432,0.15482167467004
24510270402,Census Tract 2704.02; Baltimore city; Maryland,B01003_001,3481,976,0.018,0.171,0.015,0.433,0.047,6.5,0.074,0.699,3481,2023,0.164654836058617,0.168682764535631
24510260101,Census Tract 2601.01; Baltimore city; Maryland,B01003_001,4640,703,0.029,0.121,0.015,0.326,0.025,3.2,0.037,0.653,4640,2023,0.11828526109457,0.160721392555956
24510261100,Census Tract 2611; Baltimore city; Maryland,B01003_001,2190,310,0.012,0.055,0,0.325,0,15.2,0.006,0.896,2190,2023,0.214157283306122,0.173391417775175
24510260301,Census Tract 2603.01; Baltimore city; Maryland,B01003_001,4301,756,0.048,0.171,0,0.62,0.414,23.1,0.043,0.596,4301,2023,0.278552114963532,0.209430939201733
24510250206,Census Tract 2502.06; Baltimore city; Maryland,B01003_001,2545,404,0.141,0.203,0.163,0.316,0.261,26.1,0.101,0.568,2545,2023,0.284870833158493,0.298847469738961
24510220100,Census Tract 2201; Baltimore city; Maryland,B01003_001,4455,659,0.023,0.196,0.046,0.342,0,10.7,0.022,0.593,4455,2023,0.161616325378418,0.116933052337999
24510030200,Census Tract 302; Baltimore city; Maryland,B01003_001,3114,439,0.01,0.17,0.073,0.337,0,15.2,0.011,0.68,3114,2023,0.133049488067627,0.247728146952158
24510010200,Census Tract 102; Baltimore city; Maryland,B01003_001,3000,410,0.013,0.05,0.013,0.21,0,9,0.009,0.872,3000,2023,0.0569729283452034,0.17473105754099
24510080101,Census Tract 801.01; Baltimore city; Maryland,B01003_001,3879,673,0.024,0.148,0.02,0.493,0.057,7.3,0.018,0.629,3879,2023,0.144087612628937,0.36539479541302
24510260404,Census Tract 2604.04; Baltimore city; Maryland,B01003_001,1818,831,0.107,0.144,0.206,0.369,0.493,41.3,0.196,0.506,1818,2023,0.469708740711212,0.253784690188334
24025305100,Census Tract 3051; Harford County; Maryland,B01003_001,7822,977,0.003,0.105,0.004,0.1,0.027,4.3,0.019,0.686,7822,2023,0.0464281216263771,0.0595038004811754
24025304202,Census Tract 3042.02; Harford County; Maryland,B01003_001,5851,416,0.02,0.109,0,0.133,0,3.5,0.03,0.662,5851,2023,0.0576067790389061,0.0682076218860866
24027605601,Census Tract 6056.01; Howard County; Maryland,B01003_001,8063,912,0.021,0.105,0.031,0.323,0.207,19.4,0.047,0.664,8063,2023,0.0922045111656189,0.0729521550921049
24027603004,Census Tract 6030.04; Howard County; Maryland,B01003_001,7928,780,0.021,0.108,0.058,0.08,0.001,0.5,0.007,0.64,7928,2023,0.0606920719146729,0.0427009104068426
24027602302,Census Tract 6023.02; Howard County; Maryland,B01003_001,6174,476,0.067,0.056,0.132,0.176,0.013,2.8,0.029,0.714,6174,2023,0.0808452963829041,0.0981497794641009
24027603003,Census Tract 6030.03; Howard County; Maryland,B01003_001,4646,686,0.006,0.069,0.016,0.154,0.02,2.8,0.062,0.656,4646,2023,0.0442247651517391,0.0962079682152288
24027605504,Census Tract 6055.04; Howard County; Maryland,B01003_001,2571,402,0.01,0.051,0.048,0.078,0,6.9,0.02,0.75,2571,2023,0.0408722311258316,0.134407118680807
24027605503,Census Tract 6055.03; Howard County; Maryland,B01003_001,5407,556,0.019,0.138,0.082,0.413,0.283,17.1,0.065,0.689,5407,2023,0.140426054596901,0.11200543109852
24023000200,Census Tract 2; Garrett County; Maryland,B01003_001,3887,361,0.065,0.174,0.001,0.258,0.162,12.5,0.03,0.573,3887,2023,0.157053649425507,0.113574502554938
24510130400,Census Tract 1304; Baltimore city; Maryland,B01003_001,2216,541,0.042,0.271,0.014,0.426,0.3,21.9,0.08,0.598,2216,2023,0.264486521482468,0.280633219612349
24510260302,Census Tract 2603.02; Baltimore city; Maryland,B01003_001,5239,811,0.06,0.174,0.026,0.526,0.473,36.9,0.018,0.551,5239,2023,0.264283925294876,0.199415256269799
24510250203,Census Tract 2502.03; Baltimore city; Maryland,B01003_001,1628,312,0.011,0.111,0.019,0.643,0.335,21.2,0.1,0.67,1628,2023,0.394140303134918,0.273478911922393
24510080500,Census Tract 805; Baltimore city; Maryland,B01003_001,1348,401,0.103,0.326,0,0.572,0.489,32.5,0.213,0.366,1348,2023,0.450830280780792,0.377850388116737
24510090900,Census Tract 909; Baltimore city; Maryland,B01003_001,2284,502,0.059,0.275,0,0.727,0.297,20.9,0.063,0.522,2284,2023,0.536557376384735,0.298663517838737
24510110100,Census Tract 1101; Baltimore city; Maryland,B01003_001,2590,409,0,0.125,0.03,0.48,0,39.2,0.05,0.761,2590,2023,0.165104374289513,0.284750655221098
24510280404,Census Tract 2804.04; Baltimore city; Maryland,B01003_001,2740,529,0.016,0.137,0.042,0.591,0.498,37.5,0.108,0.531,2740,2023,0.359997093677521,0.204341031437793
24510270801,Census Tract 2708.01; Baltimore city; Maryland,B01003_001,3316,428,0.006,0.063,0.032,0.485,0.229,24.3,0.019,0.626,3316,2023,0.106611274182796,0.155472114708715
24023000300,Census Tract 3; Garrett County; Maryland,B01003_001,2483,342,0.002,0.136,0.002,0.136,0.087,9.6,0.044,0.594,2483,2023,0.0724171027541161,0.167089773899618
24017850500,Census Tract 8505; Charles County; Maryland,B01003_001,2897,555,0.004,0.085,0,0.162,0,5.7,0.032,0.586,2897,2023,0.0749381706118584,0.115370190967104
24017851200,Census Tract 8512; Charles County; Maryland,B01003_001,4954,609,0.009,0.164,0.007,0.121,0.054,7.9,0.024,0.602,4954,2023,0.0619505718350411,0.0997297950522967
24017850400,Census Tract 8504; Charles County; Maryland,B01003_001,3078,422,0.019,0.165,0.015,0.221,0.196,23.2,0.047,0.627,3078,2023,0.0977471321821213,0.149529994208424
24017850904,Census Tract 8509.04; Charles County; Maryland,B01003_001,13270,1173,0.019,0.091,0.021,0.308,0.056,7.3,0.078,0.797,13270,2023,0.112678252160549,0.0678473140081351
24017850905,Census Tract 8509.05; Charles County; Maryland,B01003_001,3648,477,0.022,0.119,0.003,0.347,0,6.8,0.072,0.694,3648,2023,0.150128617882729,0.141033641553764
24019970100,Census Tract 9701; Dorchester County; Maryland,B01003_001,3073,321,0.041,0.162,0.028,0.243,0.073,6,0.039,0.517,3073,2023,0.137271344661713,0.16384808542361
24019970300,Census Tract 9703; Dorchester County; Maryland,B01003_001,4371,502,0.056,0.154,0.044,0.321,0.116,7.8,0.055,0.61,4371,2023,0.157715260982513,0.171661658997385
24015030503,Census Tract 305.03; Cecil County; Maryland,B01003_001,6140,704,0.015,0.081,0.029,0.169,0.189,16.7,0.019,0.502,6140,2023,0.0814856961369515,0.118864944101905
24015031201,Census Tract 312.01; Cecil County; Maryland,B01003_001,5704,645,0.005,0.158,0.001,0.228,0.071,5.8,0.06,0.615,5704,2023,0.0771595984697342,0.112722702853374
24015031301,Census Tract 313.01; Cecil County; Maryland,B01003_001,3190,285,0.027,0.133,0.013,0.185,0.139,15.6,0.036,0.571,3190,2023,0.0868900716304779,0.115338988866151
24013510000,Census Tract 5100; Carroll County; Maryland,B01003_001,1345,245,0.063,0.127,0,0.247,0.017,3,0.018,0.71,1345,2023,0.177864223718643,0.151959371398033
24013508200,Census Tract 5082; Carroll County; Maryland,B01003_001,6469,537,0.008,0.105,0.009,0.217,0,3.1,0.047,0.744,6469,2023,0.0550811104476452,0.0919171795091566
24013513001,Census Tract 5130.01; Carroll County; Maryland,B01003_001,5070,359,0.017,0.13,0.019,0.224,0.017,2.9,0.009,0.684,5070,2023,0.0703854486346245,0.0752839538827473
24013514201,Census Tract 5142.01; Carroll County; Maryland,B01003_001,5295,417,0.015,0.13,0.034,0.181,0.046,4.8,0.033,0.699,5295,2023,0.0734707415103912,0.0762644074902851
24013509001,Census Tract 5090.01; Carroll County; Maryland,B01003_001,4901,652,0.011,0.13,0.006,0.13,0.014,2.3,0.019,0.673,4901,2023,0.0522661916911602,0.0899332084096426
24013514100,Census Tract 5141; Carroll County; Maryland,B01003_001,3569,381,0.006,0.052,0.012,0.098,0.064,6.2,0.013,0.724,3569,2023,0.0300350841134787,0.0934845423368217
24013504202,Census Tract 5042.02; Carroll County; Maryland,B01003_001,6808,972,0.017,0.127,0.023,0.119,0.062,7.1,0.017,0.711,6808,2023,0.0606920719146729,0.0654610854204292
24011955000,Census Tract 9550; Caroline County; Maryland,B01003_001,3039,425,0.204,0.148,0.236,0.238,0.175,10.7,0.049,0.573,3039,2023,0.202350690960884,0.138767342497658
24011955500,Census Tract 9555; Caroline County; Maryland,B01003_001,3734,388,0.017,0.131,0.009,0.227,0.107,10.4,0.039,0.696,3734,2023,0.0785863623023033,0.150878189363862
24015030100,Census Tract 301; Cecil County; Maryland,B01003_001,5275,645,0.028,0.167,0.005,0.279,0.073,8.5,0.05,0.651,5275,2023,0.100443542003632,0.102634893230452
24015030200,Census Tract 302; Cecil County; Maryland,B01003_001,4779,623,0.029,0.143,0.022,0.26,0.314,25.2,0.05,0.594,4779,2023,0.115312844514847,0.142986086842477
24035810300,Census Tract 8103; Queen Anne's County; Maryland,B01003_001,5425,561,0.023,0.11,0.075,0.215,0.08,6,0.025,0.624,5425,2023,0.0838129222393036,0.109845462963732
24035810500,Census Tract 8105; Queen Anne's County; Maryland,B01003_001,4840,481,0.013,0.121,0.002,0.269,0.126,8.5,0.032,0.6,4840,2023,0.0991554334759712,0.0916068021710002
24009860300,Census Tract 8603; Calvert County; Maryland,B01003_001,4279,600,0.026,0.111,0.008,0.159,0.056,6.1,0.027,0.692,4279,2023,0.0703854486346245,0.101414531379533
24009860701,Census Tract 8607.01; Calvert County; Maryland,B01003_001,3661,558,0.031,0.086,0.036,0.237,0.119,17.2,0.042,0.709,3661,2023,0.0897513702511787,0.104287010668726
24001001700,Census Tract 17; Allegany County; Maryland,B01003_001,4017,469,0.01,0.173,0.013,0.376,0.061,9,0.05,0.51,4017,2023,0.164812192320824,0.137765098056581
24001000500,Census Tract 5; Allegany County; Maryland,B01003_001,2269,315,0.018,0.349,0.009,0.362,0.333,27.2,0.089,0.354,2269,2023,0.449160605669022,0.256686266553414
24001001000,Census Tract 10; Allegany County; Maryland,B01003_001,1859,327,0.064,0.243,0.004,0.444,0.506,22,0.21,0.473,1859,2023,0.46504944562912,0.221695901083793
24001001200,Census Tract 12; Allegany County; Maryland,B01003_001,2950,453,0.009,0.149,0,0.271,0.158,13.5,0.026,0.608,2950,2023,0.110834337770939,0.2342209994025
24001002200,Census Tract 22; Allegany County; Maryland,B01003_001,3751,658,0.023,0.205,0,0.3,0.299,20.6,0.024,0.518,3751,2023,0.192997261881828,0.13357381854636
24001002000,Census Tract 20; Allegany County; Maryland,B01003_001,5433,643,0.007,0.213,0.016,0.18,0,3.7,0,0.478,5433,2023,0.117360137403011,0.125553990919065
24021775600,Census Tract 7756; Frederick County; Maryland,B01003_001,5667,501,0.037,0.049,0.016,0.131,0.014,2.3,0.025,0.774,5667,2023,0.0461850389838219,0.0858918680606798
24021770700,Census Tract 7707; Frederick County; Maryland,B01003_001,3817,354,0.007,0.111,0.017,0.124,0.009,1.6,0.037,0.666,3817,2023,0.0549808442592621,0.0916558288586676
24017850101,Census Tract 8501.01; Charles County; Maryland,B01003_001,7327,1007,0.002,0.082,0.015,0.267,0.004,0.8,0.089,0.72,7327,2023,0.108378037810326,0.0892411544858951
24017850712,Census Tract 8507.12; Charles County; Maryland,B01003_001,5504,1033,0.014,0.117,0.023,0.282,0.319,31.8,0.051,0.658,5504,2023,0.0980425849556923,0.111889967923518
24017850706,Census Tract 8507.06; Charles County; Maryland,B01003_001,5826,686,0.034,0.061,0.049,0.248,0.022,3.4,0.055,0.75,5826,2023,0.0679290294647217,0.104698082748337
24035810800,Census Tract 8108; Queen Anne's County; Maryland,B01003_001,6275,702,0.005,0.123,0,0.207,0.031,3.7,0.027,0.665,6275,2023,0.0650448575615883,0.0671708244595633
24033800706,Census Tract 8007.06; Prince George's County; Maryland,B01003_001,3623,348,0.037,0.087,0.063,0.315,0.065,9.1,0.056,0.626,3623,2023,0.118785388767719,0.123439346677509
24025303205,Census Tract 3032.05; Harford County; Maryland,B01003_001,2050,781,0.007,0.034,0.004,0.077,0,5.6,0.055,0.698,2050,2023,0.0715176612138748,0.134335221570385
24025303802,Census Tract 3038.02; Harford County; Maryland,B01003_001,1858,143,0.057,0.102,0.019,0.392,0.023,3.6,0,0.543,1858,2023,0.208171591162682,0.137024495360771
24021752302,Census Tract 7523.02; Frederick County; Maryland,B01003_001,4412,620,0.014,0.101,0.017,0.155,0,5.4,0.014,0.637,4412,2023,0.0645473748445511,0.0893373038885179
24021752303,Census Tract 7523.03; Frederick County; Maryland,B01003_001,3452,461,0.021,0.09,0.048,0.095,0.008,3.4,0.038,0.694,3452,2023,0.0575686544179916,0.103851404400432
24021751003,Census Tract 7510.03; Frederick County; Maryland,B01003_001,5894,910,0.039,0.102,0.084,0.359,0.413,19.2,0.039,0.664,5894,2023,0.133585795760155,0.118072639608975
24021751301,Census Tract 7513.01; Frederick County; Maryland,B01003_001,5637,565,0.024,0.137,0.046,0.229,0.104,11.5,0.014,0.512,5637,2023,0.11080564558506,0.105617498201611
24021751004,Census Tract 7510.04; Frederick County; Maryland,B01003_001,5446,580,0.016,0.057,0.064,0.217,0.008,1.9,0.007,0.756,5446,2023,0.0485249757766724,0.111136585301918
24021752802,Census Tract 7528.02; Frederick County; Maryland,B01003_001,3905,534,0.012,0.056,0.012,0.092,0.026,3.5,0.042,0.721,3905,2023,0.0341607518494129,0.0906416689008009
24021751302,Census Tract 7513.02; Frederick County; Maryland,B01003_001,3247,705,0.042,0.121,0.024,0.157,0.021,3.9,0.043,0.742,3247,2023,0.0855837613344193,0.103365182128964
24021751904,Census Tract 7519.04; Frederick County; Maryland,B01003_001,4822,393,0.012,0.066,0.067,0.081,0.053,5,0.04,0.778,4822,2023,0.0304057244211435,0.0896170436432434
24021751801,Census Tract 7518.01; Frederick County; Maryland,B01003_001,5441,410,0.027,0.082,0.029,0.155,0.033,4.5,0.017,0.768,5441,2023,0.0635069981217384,0.0674106376972679
24021753002,Census Tract 7530.02; Frederick County; Maryland,B01003_001,2443,273,0.093,0.166,0.022,0.261,0.194,18.6,0.008,0.619,2443,2023,0.150858998298645,0.131930588007364
24003701101,Census Tract 7011.01; Anne Arundel County; Maryland,B01003_001,4259,481,0.004,0.072,0.005,0.161,0.01,1.6,0.015,0.627,4259,2023,0.0458094030618668,0.108716438860878
24003731104,Census Tract 7311.04; Anne Arundel County; Maryland,B01003_001,5583,1032,0.003,0.058,0.015,0.165,0.014,1.4,0.028,0.807,5583,2023,0.0400990955531597,0.0689380894047351
24003740304,Census Tract 7403.04; Anne Arundel County; Maryland,B01003_001,7432,883,0.021,0.1,0.033,0.252,0,3.1,0.008,0.792,7432,2023,0.0829110443592072,0.0870450586429545
24033807409,Census Tract 8074.09; Prince George's County; Maryland,B01003_001,3998,503,0.147,0.134,0.242,0.248,0.197,15.4,0.098,0.646,3998,2023,0.18017116189003,0.200005165277754
24031700207,Census Tract 7002.07; Montgomery County; Maryland,B01003_001,5261,552,0.061,0.07,0.102,0.248,0.07,9.6,0.029,0.782,5261,2023,0.0961236879229546,0.0898853542090276
24031700208,Census Tract 7002.08; Montgomery County; Maryland,B01003_001,2466,361,0.019,0.163,0.056,0.238,0.016,2.2,0.045,0.687,2466,2023,0.10882756114006,0.126029874244032
24031700720,Census Tract 7007.20; Montgomery County; Maryland,B01003_001,3824,460,0.113,0.132,0.211,0.196,0.012,1.9,0.04,0.691,3824,2023,0.127127707004547,0.164887358820481
24031700306,Census Tract 7003.06; Montgomery County; Maryland,B01003_001,7777,880,0.026,0.084,0.192,0.239,0.019,2.9,0.035,0.728,7777,2023,0.0863369405269623,0.113584424245996
24015030905,Census Tract 309.05; Cecil County; Maryland,B01003_001,2685,408,0.043,0.101,0.002,0.17,0.115,13.5,0.04,0.639,2685,2023,0.0806002914905548,0.133815492809657
24031700611,Census Tract 7006.11; Montgomery County; Maryland,B01003_001,5599,780,0.069,0.069,0.2,0.167,0.042,3.1,0.035,0.735,5599,2023,0.0801455229520798,0.129047847026213
24031700613,Census Tract 7006.13; Montgomery County; Maryland,B01003_001,6618,927,0.022,0.098,0.183,0.247,0.035,4.5,0.023,0.71,6618,2023,0.0904626101255417,0.103718812142641
24031700824,Census Tract 7008.24; Montgomery County; Maryland,B01003_001,2576,317,0.001,0.073,0.142,0.236,0.04,5.7,0.046,0.723,2576,2023,0.0846026539802551,0.112835201912972
24031700723,Census Tract 7007.23; Montgomery County; Maryland,B01003_001,4170,661,0.028,0.212,0.165,0.473,0,6.3,0.046,0.45,4170,2023,0.312705218791962,0.202164818191497
24031700721,Census Tract 7007.21; Montgomery County; Maryland,B01003_001,3449,559,0.084,0.111,0.257,0.252,0.227,24.9,0.102,0.773,3449,2023,0.16329987347126,0.200699644548538
24031700833,Census Tract 7008.33; Montgomery County; Maryland,B01003_001,4103,598,0.118,0.126,0.248,0.341,0.285,19.2,0.037,0.676,4103,2023,0.189686700701714,0.13732556134257
24031703216,Census Tract 7032.16; Montgomery County; Maryland,B01003_001,3537,571,0.002,0.16,0.202,0.576,0,13.6,0.157,0.372,3537,2023,0.463109523057938,0.180005137499562
24031706010,Census Tract 7060.10; Montgomery County; Maryland,B01003_001,2935,416,0.02,0.072,0.136,0.291,0,5.6,0.014,0.619,2935,2023,0.103094048798084,0.139512222596747
24031701212,Census Tract 7012.12; Montgomery County; Maryland,B01003_001,2739,312,0.039,0.141,0.083,0.147,0,7.3,0.031,0.651,2739,2023,0.0822312384843826,0.148166948107428
24031704803,Census Tract 7048.03; Montgomery County; Maryland,B01003_001,4494,522,0.005,0.086,0.077,0.373,0.086,13,0.047,0.787,4494,2023,0.110595479607582,0.106848239884163
24031701219,Census Tract 7012.19; Montgomery County; Maryland,B01003_001,4517,785,0.064,0.085,0.244,0.323,0.174,11.2,0.028,0.825,4517,2023,0.119699388742447,0.169874123784502
24031703207,Census Tract 7032.07; Montgomery County; Maryland,B01003_001,6051,824,0.084,0.075,0.249,0.254,0.054,4.5,0.088,0.666,6051,2023,0.157380044460297,0.127989234048404
24031701702,Census Tract 7017.02; Montgomery County; Maryland,B01003_001,2457,307,0.064,0.029,0.187,0.385,0.031,4.1,0.083,0.838,2457,2023,0.184143275022507,0.176288924126123
24011955201,Census Tract 9552.01; Caroline County; Maryland,B01003_001,4203,360,0.037,0.107,0.031,0.256,0.049,4.8,0.063,0.7,4203,2023,0.100560747087002,0.151563615789521
24005401506,Census Tract 4015.06; Baltimore County; Maryland,B01003_001,4734,427,0.036,0.106,0.082,0.331,0.281,20,0.018,0.78,4734,2023,0.124930888414383,0.1681794900767
24005491300,Census Tract 4913; Baltimore County; Maryland,B01003_001,3793,532,0.009,0.117,0.194,0.23,0.213,25.6,0.118,0.681,3793,2023,0.0988700985908508,0.103223783422704
24005408304,Census Tract 4083.04; Baltimore County; Maryland,B01003_001,4680,550,0.01,0.123,0.044,0.235,0,5.2,0.038,0.447,4680,2023,0.0886335596442223,0.113862250918544
24005408303,Census Tract 4083.03; Baltimore County; Maryland,B01003_001,3235,272,0,0.054,0.041,0.082,0.041,6.3,0.033,0.699,3235,2023,0.0372460447251797,0.137830279986493
24005408100,Census Tract 4081; Baltimore County; Maryland,B01003_001,6679,863,0.005,0.057,0.028,0.372,0,3.2,0.075,0.696,6679,2023,0.128177523612976,0.0708121253167408
24011955301,Census Tract 9553.01; Caroline County; Maryland,B01003_001,4224,394,0.021,0.138,0,0.31,0.103,12.5,0.072,0.634,4224,2023,0.137557804584503,0.148102878980129
24005420701,Census Tract 4207.01; Baltimore County; Maryland,B01003_001,2921,610,0.089,0.221,0.094,0.466,0.406,27.6,0.036,0.441,2921,2023,0.336990743875504,0.158612102006958
24027601104,Census Tract 6011.04; Howard County; Maryland,B01003_001,6757,747,0.013,0.068,0.041,0.097,0,2.5,0.024,0.679,6757,2023,0.0398719795048237,0.0711668041761931
24027602303,Census Tract 6023.03; Howard County; Maryland,B01003_001,4515,696,0.012,0.074,0.088,0.105,0.015,2,0.009,0.621,4515,2023,0.0361160300672054,0.0982719234127513
24027601204,Census Tract 6012.04; Howard County; Maryland,B01003_001,8037,1103,0.039,0.096,0.067,0.184,0.126,13,0.05,0.768,8037,2023,0.0770310312509537,0.0688989383326776
24027605505,Census Tract 6055.05; Howard County; Maryland,B01003_001,6582,776,0.069,0.093,0.143,0.103,0,2.5,0.008,0.686,6582,2023,0.0864745303988457,0.0900233707728088
24027605104,Census Tract 6051.04; Howard County; Maryland,B01003_001,6189,714,0.01,0.077,0.081,0.086,0.011,1.4,0.035,0.659,6189,2023,0.0385275222361088,0.0720167187348058
24043011301,Census Tract 113.01; Washington County; Maryland,B01003_001,5332,636,0.004,0.136,0.014,0.233,0.122,7.4,0.032,0.637,5332,2023,0.0899351537227631,0.106276114423358
24009861003,Census Tract 8610.03; Calvert County; Maryland,B01003_001,6606,818,0,0.071,0.033,0.239,0.104,12.7,0.044,0.698,6606,2023,0.0707102343440056,0.0879098791268161
24510080301,Census Tract 803.01; Baltimore city; Maryland,B01003_001,1866,512,0.013,0.21,0.015,0.531,0.278,24.5,0.108,0.567,1866,2023,0.337420731782913,0.380861534944386
24510200100,Census Tract 2001; Baltimore city; Maryland,B01003_001,1405,376,0.093,0.285,0.001,0.448,0.191,32.7,0.146,0.467,1405,2023,0.343410938978195,0.34380950204914
24047951700,Census Tract 9517; Worcester County; Maryland,B01003_001,3624,479,0.009,0.118,0.012,0.215,0.123,15.5,0.07,0.64,3624,2023,0.0923589095473289,0.143659545578386
24047950300,Census Tract 9503; Worcester County; Maryland,B01003_001,3080,356,0,0.159,0.005,0.332,0,16.5,0.05,0.55,3080,2023,0.163552209734917,0.152265948024959
24033806713,Census Tract 8067.13; Prince George's County; Maryland,B01003_001,3448,516,0.139,0.114,0.233,0.464,0.207,16.9,0.098,0.722,3448,2023,0.198669999837875,0.164888928512028
24033800518,Census Tract 8005.18; Prince George's County; Maryland,B01003_001,3843,477,0.003,0.069,0.027,0.194,0.013,2.1,0.051,0.72,3843,2023,0.0500247105956078,0.121884562358642
24033800517,Census Tract 8005.17; Prince George's County; Maryland,B01003_001,5216,562,0.02,0.059,0.008,0.23,0.159,20.9,0.081,0.695,5216,2023,0.0741647556424141,0.111463625650387
24033801214,Census Tract 8012.14; Prince George's County; Maryland,B01003_001,4023,369,0.059,0.133,0.075,0.361,0.116,12.5,0.036,0.609,4023,2023,0.194513022899628,0.129942633808411
24033801310,Census Tract 8013.10; Prince George's County; Maryland,B01003_001,7236,795,0.007,0.141,0.082,0.307,0.084,11.7,0.118,0.711,7236,2023,0.131827637553215,0.0768354019040325
24033802107,Census Tract 8021.07; Prince George's County; Maryland,B01003_001,3905,673,0.019,0.109,0.016,0.573,0.157,16.2,0.032,0.76,3905,2023,0.153020784258842,0.158001159211736
24033801211,Census Tract 8012.11; Prince George's County; Maryland,B01003_001,2891,363,0.087,0.148,0.163,0.394,0,14.3,0.055,0.74,2891,2023,0.179454177618027,0.148362261527625
24033803610,Census Tract 8036.10; Prince George's County; Maryland,B01003_001,4049,768,0.138,0.071,0.195,0.293,0.16,16,0.092,0.695,4049,2023,0.153988763689995,0.186599944176604
24043010402,Census Tract 104.02; Washington County; Maryland,B01003_001,6605,1077,0.055,0.111,0.107,0.214,0.142,10.5,0.024,0.622,6605,2023,0.112007573246956,0.125895341029829
24043010902,Census Tract 109.02; Washington County; Maryland,B01003_001,3113,527,0.01,0.136,0.005,0.175,0.177,24.1,0.017,0.578,3113,2023,0.105358831584454,0.125603386431386
24043011501,Census Tract 115.01; Washington County; Maryland,B01003_001,4502,592,0.037,0.139,0.001,0.198,0.046,5.6,0.041,0.625,4502,2023,0.0997379198670387,0.101828523062385
24015030908,Census Tract 309.08; Cecil County; Maryland,B01003_001,6073,605,0.008,0.119,0.004,0.232,0.085,9.5,0.012,0.694,6073,2023,0.0650448575615883,0.0927712728027998
24015030907,Census Tract 309.07; Cecil County; Maryland,B01003_001,5136,893,0.01,0.141,0.008,0.328,0.041,4.7,0.111,0.646,5136,2023,0.152070343494415,0.102219649083603
24023000601,Census Tract 6.01; Garrett County; Maryland,B01003_001,4104,592,0.034,0.233,0.011,0.227,0.075,6.7,0.042,0.571,4104,2023,0.15137155354023,0.130782146769974
24003740108,Census Tract 7401.08; Anne Arundel County; Maryland,B01003_001,6096,818,0.026,0.085,0.08,0.236,0,3.4,0.019,0.842,6096,2023,0.0829110443592072,0.0886323947427862
24003730509,Census Tract 7305.09; Anne Arundel County; Maryland,B01003_001,5218,699,0,0.138,0.015,0.277,0,3.3,0.015,0.765,5218,2023,0.090977281332016,0.153964582624303
24003730701,Census Tract 7307.01; Anne Arundel County; Maryland,B01003_001,2494,376,0.005,0.096,0,0.3,0.085,12.9,0.028,0.661,2494,2023,0.120432965457439,0.113057422062931
24003730403,Census Tract 7304.03; Anne Arundel County; Maryland,B01003_001,4309,887,0.073,0.111,0.086,0.338,0.259,25.9,0.018,0.729,4309,2023,0.145439565181732,0.17228442832035
24003750204,Census Tract 7502.04; Anne Arundel County; Maryland,B01003_001,4708,598,0.02,0.144,0.017,0.264,0,4.1,0.037,0.64,4708,2023,0.100443542003632,0.190140285257464
24003706103,Census Tract 7061.03; Anne Arundel County; Maryland,B01003_001,1689,248,0,0.114,0.031,0.472,0,28.1,0.057,0.677,1689,2023,0.257770389318466,0.168159206436778
24003701202,Census Tract 7012.02; Anne Arundel County; Maryland,B01003_001,4470,770,0.005,0.175,0.004,0.275,0.055,5.3,0.041,0.66,4470,2023,0.117667868733406,0.09722053106777
24047951101,Census Tract 9511.01; Worcester County; Maryland,B01003_001,3347,457,0.021,0.171,0.057,0.289,0.099,13.2,0.087,0.434,3347,2023,0.171731501817703,0.134580762463528
24005402409,Census Tract 4024.09; Baltimore County; Maryland,B01003_001,4782,904,0.078,0.06,0.04,0.524,0.045,7.2,0.044,0.87,4782,2023,0.145004138350487,0.157277021978912
24005490303,Census Tract 4903.03; Baltimore County; Maryland,B01003_001,2617,455,0.023,0.169,0.023,0.499,0.2,17.4,0.025,0.466,2617,2023,0.222661435604095,0.139437501584999
24005411411,Census Tract 4114.11; Baltimore County; Maryland,B01003_001,2624,763,0.02,0.082,0.081,0.365,0.214,33.8,0.032,0.688,2624,2023,0.162302479147911,0.21830824225614
24045010704,Census Tract 107.04; Wicomico County; Maryland,B01003_001,4695,741,0.027,0.099,0.002,0.339,0.103,7.9,0.049,0.819,4695,2023,0.108321525156498,0.183334454179486
24041960900,Census Tract 9609; Talbot County; Maryland,B01003_001,3908,367,0.007,0.136,0.043,0.273,0.046,5,0.084,0.553,3908,2023,0.130092293024063,0.17873827737611
24041960100,Census Tract 9601; Talbot County; Maryland,B01003_001,4068,407,0.005,0.23,0.015,0.201,0.157,13.6,0.04,0.615,4068,2023,0.135315790772438,0.157494101072941
24033801707,Census Tract 8017.07; Prince George's County; Maryland,B01003_001,6797,947,0.243,0.103,0.284,0.416,0.096,11.1,0.03,0.766,6797,2023,0.186992526054382,0.150108484114708
24033801305,Census Tract 8013.05; Prince George's County; Maryland,B01003_001,6307,554,0.043,0.113,0.1,0.225,0.135,14.2,0.078,0.627,6307,2023,0.121936351060867,0.120621921743783
24033804102,Census Tract 8041.02; Prince George's County; Maryland,B01003_001,6715,1276,0.198,0.108,0.235,0.275,0.179,14.3,0.04,0.688,6715,2023,0.162769377231598,0.151434802862607
24033805601,Census Tract 8056.01; Prince George's County; Maryland,B01003_001,6916,1024,0.66,0.038,0.797,0.221,0.466,17.2,0.074,0.775,6916,2023,0.316893130540848,0.208276956356103
24033807404,Census Tract 8074.04; Prince George's County; Maryland,B01003_001,6039,929,0.181,0.089,0.281,0.218,0.141,16.4,0.083,0.67,6039,2023,0.172574982047081,0.162278797934004
24043010100,Census Tract 101; Washington County; Maryland,B01003_001,1051,245,0.011,0.132,0.027,0.285,0,14.8,0.027,0.693,1051,2023,0.200031295418739,0.158020927640697
24033803700,Census Tract 8037; Prince George's County; Maryland,B01003_001,3113,469,0.196,0.098,0.271,0.29,0.033,4.8,0.084,0.7,3113,2023,0.194844543933868,0.180399623968032
24033800701,Census Tract 8007.01; Prince George's County; Maryland,B01003_001,9050,968,0.008,0.098,0.023,0.302,0,2.2,0.051,0.819,9050,2023,0.0827382504940033,0.083131765063045
24033801802,Census Tract 8018.02; Prince George's County; Maryland,B01003_001,3769,553,0.01,0.083,0.057,0.335,0,6.2,0.093,0.731,3769,2023,0.133380323648453,0.197128240594256
24033801004,Census Tract 8010.04; Prince George's County; Maryland,B01003_001,5451,549,0.019,0.122,0.034,0.226,0.02,3.2,0.066,0.677,5451,2023,0.0734707415103912,0.11141534961075
24033801409,Census Tract 8014.09; Prince George's County; Maryland,B01003_001,2547,301,0.021,0.169,0.156,0.47,0,8.3,0.048,0.673,2547,2023,0.183482781052589,0.177134836031504
24033805101,Census Tract 8051.01; Prince George's County; Maryland,B01003_001,3794,784,0.34,0.043,0.565,0.229,0.278,17.2,0.024,0.766,3794,2023,0.261353492736816,0.212016813256752
24033803100,Census Tract 8031; Prince George's County; Maryland,B01003_001,3448,628,0.013,0.114,0.151,0.429,0.457,31.4,0.174,0.629,3448,2023,0.274181872606277,0.160838511659364
24033803608,Census Tract 8036.08; Prince George's County; Maryland,B01003_001,6910,1180,0.167,0.124,0.264,0.386,0.142,12.6,0.08,0.665,6910,2023,0.230842173099518,0.149583478146825
24027602304,Census Tract 6023.04; Howard County; Maryland,B01003_001,4909,452,0.009,0.064,0.096,0.107,0,3.3,0.023,0.66,4909,2023,0.0345313921570778,0.0977236533730408
24027606901,Census Tract 6069.01; Howard County; Maryland,B01003_001,7347,915,0.084,0.122,0.104,0.335,0.071,7.1,0.026,0.666,7347,2023,0.149565234780312,0.0685803185295601
24029950400,Census Tract 9504; Kent County; Maryland,B01003_001,2858,300,0.01,0.147,0.004,0.222,0.273,20.7,0.011,0.602,2858,2023,0.0907821729779243,0.142948747961633
24031703214,Census Tract 7032.14; Montgomery County; Maryland,B01003_001,7353,828,0.164,0.093,0.238,0.359,0.209,11.8,0.068,0.736,7353,2023,0.180662855505943,0.166944342632272
24031704300,Census Tract 7043; Montgomery County; Maryland,B01003_001,3996,426,0.006,0.064,0.015,0.177,0.058,8.5,0.041,0.715,3996,2023,0.046939417719841,0.114470598433257
24031702200,Census Tract 7022; Montgomery County; Maryland,B01003_001,4097,427,0.05,0.097,0.111,0.254,0,4.5,0.041,0.745,4097,2023,0.113820359110832,0.122040808903747
24031701313,Census Tract 7013.13; Montgomery County; Maryland,B01003_001,3718,439,0.045,0.076,0.078,0.243,0.058,8.1,0.027,0.742,3718,2023,0.102834470570087,0.106606525936735
24031705100,Census Tract 7051; Montgomery County; Maryland,B01003_001,5397,431,0.015,0.092,0.011,0.299,0,3.2,0.008,0.641,5397,2023,0.0891192182898521,0.0841492120806407
24031705903,Census Tract 7059.03; Montgomery County; Maryland,B01003_001,4756,740,0,0.05,0.076,0.099,0.046,5.9,0.003,0.624,4756,2023,0.0321198999881744,0.0938150882170296
24031703302,Census Tract 7033.02; Montgomery County; Maryland,B01003_001,5055,955,0.102,0.07,0.355,0.152,0.034,6.3,0.031,0.757,5055,2023,0.136644899845123,0.162961312808581
24031700810,Census Tract 7008.10; Montgomery County; Maryland,B01003_001,5879,962,0.047,0.098,0.168,0.253,0.084,10.8,0.049,0.777,5879,2023,0.114531598985195,0.132683838664208
24031701210,Census Tract 7012.10; Montgomery County; Maryland,B01003_001,3821,515,0.008,0.095,0.078,0.047,0,3.7,0.03,0.655,3821,2023,0.0522280670702457,0.101567871767279
24047951000,Census Tract 9510; Worcester County; Maryland,B01003_001,5186,351,0.031,0.172,0.004,0.342,0.091,7.4,0.023,0.634,5186,2023,0.12248919904232,0.103673866345926
24047951300,Census Tract 9513; Worcester County; Maryland,B01003_001,2959,432,0.023,0.119,0.024,0.417,0.194,14.2,0.12,0.599,2959,2023,0.178984299302101,0.140383741094425
24031700103,Census Tract 7001.03; Montgomery County; Maryland,B01003_001,5478,537,0.033,0.098,0.048,0.18,0,4.5,0.047,0.687,5478,2023,0.0676326677203178,0.0839611915454242
24031704404,Census Tract 7044.04; Montgomery County; Maryland,B01003_001,6005,1194,0.017,0.088,0.035,0.224,0,2.3,0.022,0.629,6005,2023,0.0779748558998108,0.0758052872673716
24510271600,Census Tract 2716; Baltimore city; Maryland,B01003_001,3985,703,0.1,0.322,0,0.446,0.296,23.4,0.104,0.54,3985,2023,0.399439692497253,0.284512606913387
24510140300,Census Tract 1403; Baltimore city; Maryland,B01003_001,1951,451,0.042,0.199,0.028,0.379,0.477,26.1,0.137,0.542,1951,2023,0.323698461055756,0.323186843945413
24510280500,Census Tract 2805; Baltimore city; Maryland,B01003_001,2655,256,0.075,0.27,0.007,0.705,0.807,13.7,0.266,0.339,2655,2023,0.728120267391205,0.277169565188395
24510130700,Census Tract 1307; Baltimore city; Maryland,B01003_001,4392,433,0.01,0.164,0.053,0.354,0.018,2.9,0.039,0.659,4392,2023,0.126045495271683,0.112426026899955
24510270101,Census Tract 2701.01; Baltimore city; Maryland,B01003_001,1402,189,0,0.153,0.007,0.184,0.33,31.3,0.038,0.68,1402,2023,0.167339742183685,0.232361551957412
24510150300,Census Tract 1503; Baltimore city; Maryland,B01003_001,1443,390,0.039,0.306,0.007,0.684,0.717,24.4,0.231,0.552,1443,2023,0.579856872558594,0.351048497955893
24510151000,Census Tract 1510; Baltimore city; Maryland,B01003_001,5563,1050,0.045,0.179,0.009,0.532,0.276,19,0.157,0.575,5563,2023,0.294468402862549,0.235464865258937
24510280302,Census Tract 2803.02; Baltimore city; Maryland,B01003_001,3436,1633,0.047,0.161,0.014,0.484,0.053,11.7,0.036,0.62,3436,2023,0.18156872689724,0.216494355846599
24510270102,Census Tract 2701.02; Baltimore city; Maryland,B01003_001,3475,580,0.021,0.139,0.044,0.383,0.502,23.4,0.084,0.62,3475,2023,0.178082302212715,0.161716360759445
24510250205,Census Tract 2502.05; Baltimore city; Maryland,B01003_001,4493,1012,0.185,0.098,0.253,0.246,0.556,20.9,0.096,0.629,4493,2023,0.202321201562881,0.256527232083212
24510280402,Census Tract 2804.02; Baltimore city; Maryland,B01003_001,1294,261,0.074,0.148,0,0.556,0.15,20.7,0.026,0.482,1294,2023,0.162200748920441,0.293550000182862
24510271501,Census Tract 2715.01; Baltimore city; Maryland,B01003_001,4627,449,0.005,0.113,0.08,0.413,0.032,3.9,0.034,0.644,4627,2023,0.120559222996235,0.201406386383409
24510230200,Census Tract 2302; Baltimore city; Maryland,B01003_001,1715,188,0.006,0.042,0.03,0.245,0,25.6,0.002,0.892,1715,2023,0.145870536565781,0.181518665254206
24045000100,Census Tract 1; Wicomico County; Maryland,B01003_001,5605,700,0.045,0.122,0.14,0.405,0.277,15.1,0.057,0.694,5605,2023,0.154094487428665,0.167244827923979
24045010300,Census Tract 103; Wicomico County; Maryland,B01003_001,8678,789,0.011,0.089,0.024,0.264,0.317,17.2,0.021,0.704,8678,2023,0.0868639200925827,0.149300324534019
24019970200,Census Tract 9702; Dorchester County; Maryland,B01003_001,5540,522,0.048,0.152,0.015,0.373,0.114,8.4,0.037,0.592,5540,2023,0.173447221517563,0.12200866083184
24025302100,Census Tract 3021; Harford County; Maryland,B01003_001,2234,296,0,0.055,0.007,0.105,0.036,5.8,0.027,0.639,2234,2023,0.116761222481728,0.125152199458641
24025305200,Census Tract 3052; Harford County; Maryland,B01003_001,2613,392,0.055,0.162,0,0.155,0.351,31,0.01,0.5,2613,2023,0.114861853420734,0.117032191298972
24025303603,Census Tract 3036.03; Harford County; Maryland,B01003_001,7646,895,0.01,0.056,0.027,0.138,0,1.6,0.024,0.768,7646,2023,0.0304057244211435,0.0855465331291353
24005452400,Census Tract 4524; Baltimore County; Maryland,B01003_001,3579,544,0.01,0.211,0.02,0.265,0.141,8.8,0.053,0.572,3579,2023,0.157849133014679,0.184163336207358
24005420401,Census Tract 4204.01; Baltimore County; Maryland,B01003_001,7443,1242,0.027,0.1,0.103,0.339,0.426,21.2,0.093,0.723,7443,2023,0.140131935477257,0.12935189067067
24005451900,Census Tract 4519; Baltimore County; Maryland,B01003_001,2732,502,0.016,0.125,0.004,0.185,0,6,0.012,0.721,2732,2023,0.0864383652806282,0.168434843194199
24005405000,Census Tract 4050; Baltimore County; Maryland,B01003_001,4537,592,0.015,0.1,0.008,0.148,0.024,4.1,0.029,0.67,4537,2023,0.051768708974123,0.08720791516781
24003751200,Census Tract 7512; Anne Arundel County; Maryland,B01003_001,5076,709,0.007,0.092,0.022,0.206,0,4.3,0.02,0.74,5076,2023,0.0581664070487022,0.0989144776898266
24005407002,Census Tract 4070.02; Baltimore County; Maryland,B01003_001,5523,660,0,0.075,0.005,0.26,0.07,9.9,0.033,0.701,5523,2023,0.0676249414682388,0.0704518473798737
24005420100,Census Tract 4201; Baltimore County; Maryland,B01003_001,3381,524,0.01,0.163,0.04,0.191,0.015,2.4,0.045,0.599,3381,2023,0.0805292055010796,0.209441168447491
24005492102,Census Tract 4921.02; Baltimore County; Maryland,B01003_001,2106,369,0.025,0.09,0.023,0.336,0,13,0.017,0.7,2106,2023,0.172575145959854,0.151532423618156
24005440100,Census Tract 4401; Baltimore County; Maryland,B01003_001,4241,567,0.006,0.101,0.014,0.173,0.028,3.9,0.026,0.727,4241,2023,0.0550811104476452,0.141175621177847
24005440900,Census Tract 4409; Baltimore County; Maryland,B01003_001,4091,655,0.024,0.114,0.06,0.434,0.006,0.8,0.084,0.753,4091,2023,0.149088248610497,0.142078590840873
24005420900,Census Tract 4209; Baltimore County; Maryland,B01003_001,3773,600,0.032,0.156,0.101,0.281,0.328,22.3,0.118,0.649,3773,2023,0.139882877469063,0.177749522849367
24005440701,Census Tract 4407.01; Baltimore County; Maryland,B01003_001,6421,1261,0.028,0.096,0.088,0.312,0.27,27,0.031,0.753,6421,2023,0.0880788415670395,0.134914244408955
24003731310,Census Tract 7313.10; Anne Arundel County; Maryland,B01003_001,4995,680,0.01,0.124,0.004,0.132,0.298,19.9,0.013,0.661,4995,2023,0.0522661916911602,0.0816507701632296
24003730603,Census Tract 7306.03; Anne Arundel County; Maryland,B01003_001,3421,420,0.017,0.116,0.035,0.106,0,4.6,0.038,0.685,3421,2023,0.063406728208065,0.105624861548209
24005490701,Census Tract 4907.01; Baltimore County; Maryland,B01003_001,1536,141,0.031,0.216,0.001,0.37,0,19.4,0,0.328,1536,2023,0.232695773243904,0.159424557181115
24005402202,Census Tract 4022.02; Baltimore County; Maryland,B01003_001,1576,282,0.024,0.072,0.01,0.118,0,18.5,0.013,0.694,1576,2023,0.089117668569088,0.197545160612196
24005401400,Census Tract 4014; Baltimore County; Maryland,B01003_001,1656,235,0.009,0.087,0.032,0.1,0,9.4,0.061,0.733,1656,2023,0.14439469575882,0.158995218809327
24003701400,Census Tract 7014; Anne Arundel County; Maryland,B01003_001,3603,503,0.01,0.151,0.054,0.276,0.013,1.9,0.016,0.576,3603,2023,0.114448562264442,0.104855982227813
24003702601,Census Tract 7026.01; Anne Arundel County; Maryland,B01003_001,5638,987,0.027,0.071,0.019,0.205,0.052,9.6,0.02,0.663,5638,2023,0.053561482578516,0.146276639765467
24003708004,Census Tract 7080.04; Anne Arundel County; Maryland,B01003_001,6778,1142,0.082,0.103,0.059,0.165,0.084,10.3,0.061,0.645,6778,2023,0.0958273112773895,0.0769426635114085
24003750801,Census Tract 7508.01; Anne Arundel County; Maryland,B01003_001,6199,955,0.004,0.092,0.01,0.272,0.026,4,0.038,0.738,6199,2023,0.0796529576182365,0.110696773262447
24013501002,Census Tract 5010.02; Carroll County; Maryland,B01003_001,4997,529,0.01,0.151,0.005,0.278,0.179,14.2,0.061,0.552,4997,2023,0.0996929556131363,0.105417253377724
24013506101,Census Tract 5061.01; Carroll County; Maryland,B01003_001,5315,635,0.007,0.093,0.017,0.127,0,3.5,0.02,0.669,5315,2023,0.0464281216263771,0.0955020932800275
24013507802,Census Tract 5078.02; Carroll County; Maryland,B01003_001,4970,629,0.007,0.114,0.011,0.271,0,3.9,0.032,0.626,4970,2023,0.0872052162885666,0.118746553701139
24013506102,Census Tract 5061.02; Carroll County; Maryland,B01003_001,4778,534,0.031,0.093,0.016,0.138,0,4.5,0.029,0.657,4778,2023,0.051768708974123,0.109035497202583
24005404600,Census Tract 4046; Baltimore County; Maryland,B01003_001,2662,402,0.006,0.116,0.003,0.127,0.129,16.7,0.016,0.709,2662,2023,0.0683191046118736,0.17890552769684
24015030501,Census Tract 305.01; Cecil County; Maryland,B01003_001,4147,683,0.012,0.113,0.013,0.231,0.01,1.7,0.043,0.656,4147,2023,0.0650448575615883,0.130776927273183
24015030700,Census Tract 307; Cecil County; Maryland,B01003_001,5172,495,0.055,0.119,0.019,0.132,0.085,6.7,0.006,0.613,5172,2023,0.0961435958743095,0.079881109169227
24017851001,Census Tract 8510.01; Charles County; Maryland,B01003_001,4057,543,0.022,0.121,0.02,0.291,0,5.8,0.053,0.581,4057,2023,0.133720085024834,0.108529500056413
24031702501,Census Tract 7025.01; Montgomery County; Maryland,B01003_001,3634,462,0,0.048,0.041,0.493,0,12.9,0.014,0.855,3634,2023,0.10489708930254,0.188596290816829
24031700838,Census Tract 7008.38; Montgomery County; Maryland,B01003_001,4456,531,0.016,0.059,0.101,0.392,0.04,21.2,0.056,0.832,4456,2023,0.104793004691601,0.172445781755687
24031700618,Census Tract 7006.18; Montgomery County; Maryland,B01003_001,5498,863,0.023,0.045,0.206,0.065,0.013,1.9,0.073,0.652,5498,2023,0.067897267639637,0.111353005133242
24031700317,Census Tract 7003.17; Montgomery County; Maryland,B01003_001,7090,952,0.027,0.051,0.09,0.204,0.059,6.2,0.07,0.668,7090,2023,0.0772500485181809,0.0623621457675305
24031700318,Census Tract 7003.18; Montgomery County; Maryland,B01003_001,3717,743,0.044,0.065,0.142,0.262,0.028,3.4,0.005,0.699,3717,2023,0.111557707190514,0.107711309779377
24031702503,Census Tract 7025.03; Montgomery County; Maryland,B01003_001,4181,556,0.024,0.17,0.075,0.474,0.171,24,0.042,0.828,4181,2023,0.139276891946793,0.156463489258041
24031701425,Census Tract 7014.25; Montgomery County; Maryland,B01003_001,3832,435,0.005,0.227,0.164,0.438,0.121,14.6,0.045,0.445,3832,2023,0.285309135913849,0.189429728828498
24031703223,Census Tract 7032.23; Montgomery County; Maryland,B01003_001,6696,909,0.023,0.084,0.178,0.235,0,2.2,0.049,0.723,6696,2023,0.0904626101255417,0.11096373615858
24033803403,Census Tract 8034.03; Prince George's County; Maryland,B01003_001,5566,841,0.077,0.165,0.095,0.431,0.259,24,0.048,0.643,5566,2023,0.159580737352371,0.168031853497508
24033801709,Census Tract 8017.09; Prince George's County; Maryland,B01003_001,5755,1044,0.085,0.136,0.102,0.454,0.479,27.7,0.14,0.652,5755,2023,0.233339458703995,0.179693727935743
24027605106,Census Tract 6051.06; Howard County; Maryland,B01003_001,4795,514,0,0.054,0.061,0.063,0.061,6.1,0.035,0.687,4795,2023,0.0345313921570778,0.0855478235209663
24027605105,Census Tract 6051.05; Howard County; Maryland,B01003_001,8063,823,0.005,0.052,0.053,0.229,0,1.7,0.011,0.771,8063,2023,0.0431843884289265,0.0479491640408965
24027604003,Census Tract 6040.03; Howard County; Maryland,B01003_001,4084,435,0.012,0.055,0.043,0.109,0.117,13.1,0.029,0.672,4084,2023,0.0372460447251797,0.0902704219386417
24021751906,Census Tract 7519.06; Frederick County; Maryland,B01003_001,2330,290,0.027,0.065,0.022,0.218,0,7.5,0.009,0.679,2330,2023,0.0801358297467232,0.113381870117143
24021750805,Census Tract 7508.05; Frederick County; Maryland,B01003_001,4420,725,0.02,0.095,0.013,0.299,0.005,0.7,0.082,0.763,4420,2023,0.109592959284782,0.131238989746355
24003731208,Census Tract 7312.08; Anne Arundel County; Maryland,B01003_001,4321,1182,0,0.117,0,0.156,0,4.2,0.022,0.717,4321,2023,0.0650448575615883,0.0840888850551949
24003731106,Census Tract 7311.06; Anne Arundel County; Maryland,B01003_001,4363,699,0.004,0.172,0.035,0.339,0.029,3.6,0.029,0.774,4363,2023,0.117390550673008,0.0774214163718916
24003740204,Census Tract 7402.04; Anne Arundel County; Maryland,B01003_001,4830,1293,0.027,0.09,0.063,0.315,0.186,15.8,0.109,0.648,4830,2023,0.116803921759129,0.146835221855723
24003730404,Census Tract 7304.04; Anne Arundel County; Maryland,B01003_001,1991,286,0.09,0.13,0.137,0.345,0.241,20.6,0.02,0.685,1991,2023,0.188326627016068,0.201525167871801
24037876101,Census Tract 8761.01; St. Mary's County; Maryland,B01003_001,4489,518,0.067,0.125,0,0.138,0.033,4.4,0.071,0.614,4489,2023,0.120742999017239,0.0999630424094739
24037876102,Census Tract 8761.02; St. Mary's County; Maryland,B01003_001,2922,684,0.025,0.139,0.017,0.184,0,9.6,0.025,0.636,2922,2023,0.0874049514532089,0.127559285430087
24037875501,Census Tract 8755.01; St. Mary's County; Maryland,B01003_001,7099,745,0.02,0.128,0.013,0.23,0.119,11.4,0.012,0.724,7099,2023,0.0662597790360451,0.0807575722742462
24037875601,Census Tract 8756.01; St. Mary's County; Maryland,B01003_001,1930,215,0.059,0.108,0.075,0.135,0.057,6.6,0,0.508,1930,2023,0.135758697986603,0.144405786180423
24021751202,Census Tract 7512.02; Frederick County; Maryland,B01003_001,6506,764,0.046,0.129,0.068,0.354,0.224,18.4,0.06,0.714,6506,2023,0.154094487428665,0.101543946423756
24021753001,Census Tract 7530.01; Frederick County; Maryland,B01003_001,5089,506,0.002,0.115,0.011,0.224,0.181,11.8,0.037,0.703,5089,2023,0.0650448575615883,0.0934188649732254
24037875905,Census Tract 8759.05; St. Mary's County; Maryland,B01003_001,2086,328,0.004,0.135,0.09,0.254,0.368,23.8,0.06,0.763,2086,2023,0.138006329536438,0.152653577420193
24021751702,Census Tract 7517.02; Frederick County; Maryland,B01003_001,3821,467,0.005,0.101,0,0.098,0,5.5,0.026,0.659,3821,2023,0.049142774194479,0.086473671933756
24003702206,Census Tract 7022.06; Anne Arundel County; Maryland,B01003_001,6892,795,0.002,0.059,0.022,0.235,0.041,6.8,0.022,0.783,6892,2023,0.0625884383916855,0.0681542017461957
24009860404,Census Tract 8604.04; Calvert County; Maryland,B01003_001,7452,758,0.006,0.131,0.004,0.319,0.009,0.8,0.091,0.667,7452,2023,0.128742337226868,0.0516676326063928
24009860103,Census Tract 8601.03; Calvert County; Maryland,B01003_001,6728,938,0.006,0.064,0.017,0.095,0.016,3,0.005,0.656,6728,2023,0.031446099281311,0.0787212234661978
24005402510,Census Tract 4025.10; Baltimore County; Maryland,B01003_001,4854,706,0.001,0.081,0.041,0.405,0,3.8,0.018,0.681,4854,2023,0.105434693396091,0.160469808140883
24033802407,Census Tract 8024.07; Prince George's County; Maryland,B01003_001,3281,437,0.008,0.164,0,0.475,0,11.6,0.059,0.745,3281,2023,0.142605617642403,0.169864586049064
24045010703,Census Tract 107.03; Wicomico County; Maryland,B01003_001,4560,535,0.038,0.164,0.048,0.292,0.103,12.3,0.004,0.583,4560,2023,0.134004682302475,0.152654572372467
24031701007,Census Tract 7010.07; Montgomery County; Maryland,B01003_001,3627,547,0.058,0.073,0.125,0.422,0.007,8.1,0.037,0.726,3627,2023,0.139698445796967,0.141614205930113
24003740205,Census Tract 7402.05; Anne Arundel County; Maryland,B01003_001,3201,570,0.093,0.138,0.154,0.378,0.188,18.6,0.03,0.708,3201,2023,0.170270353555679,0.162155312730556
24003730512,Census Tract 7305.12; Anne Arundel County; Maryland,B01003_001,2175,445,0.025,0.15,0.015,0.434,0.061,6.2,0.087,0.793,2175,2023,0.214857161045074,0.201684905695831
24033800608,Census Tract 8006.08; Prince George's County; Maryland,B01003_001,8230,872,0.013,0.094,0.011,0.343,0.033,4.3,0.066,0.814,8230,2023,0.112850777804852,0.0889656050139561
24033800410,Census Tract 8004.10; Prince George's County; Maryland,B01003_001,6681,518,0.022,0.062,0.029,0.242,0.018,2.7,0.057,0.649,6681,2023,0.0720546990633011,0.0958536468131829
24033801217,Census Tract 8012.17; Prince George's County; Maryland,B01003_001,3928,549,0.034,0.124,0.066,0.345,0.12,11.3,0.069,0.57,3928,2023,0.208217650651932,0.139057262548265
24031700105,Census Tract 7001.05; Montgomery County; Maryland,B01003_001,7048,1283,0.073,0.059,0.159,0.155,0.017,2.6,0.04,0.697,7048,2023,0.0842711925506592,0.106743527865051
24031701005,Census Tract 7010.05; Montgomery County; Maryland,B01003_001,3376,275,0.02,0.113,0.157,0.197,0.03,3.2,0.025,0.638,3376,2023,0.0796112939715385,0.141346701463344
24031701417,Census Tract 7014.17; Montgomery County; Maryland,B01003_001,6677,1122,0.053,0.133,0.165,0.328,0.126,12.8,0.103,0.739,6677,2023,0.187991112470627,0.109209583549078
24510120500,Census Tract 1205; Baltimore city; Maryland,B01003_001,2351,283,0.012,0.161,0.03,0.428,0.138,15.1,0.04,0.781,2351,2023,0.175592795014381,0.267232340547591
24013507703,Census Tract 5077.03; Carroll County; Maryland,B01003_001,3547,546,0.001,0.208,0.015,0.252,0,7.6,0.065,0.537,3547,2023,0.161721304059029,0.121339835745045
24021740200,Census Tract 7402; Frederick County; Maryland,B01003_001,5284,371,0.006,0.095,0.017,0.166,0,3.6,0.016,0.681,5284,2023,0.0592067800462246,0.106146074727514
24041960502,Census Tract 9605.02; Talbot County; Maryland,B01003_001,3774,406,0.027,0.161,0.053,0.273,0.225,19.3,0.013,0.59,3774,2023,0.123195298016071,0.164322407241007
24025303204,Census Tract 3032.04; Harford County; Maryland,B01003_001,4762,485,0.024,0.093,0.011,0.239,0.018,2.3,0.051,0.651,4762,2023,0.0839514210820198,0.0906061105986107
24005403401,Census Tract 4034.01; Baltimore County; Maryland,B01003_001,3654,543,0.012,0.25,0.04,0.547,0,10.8,0.008,0.463,3654,2023,0.27386412024498,0.170936536339873
24005411303,Census Tract 4113.03; Baltimore County; Maryland,B01003_001,6106,899,0.032,0.135,0.034,0.353,0.047,5,0.01,0.641,6106,2023,0.122099608182907,0.0887940608703784
24027606805,Census Tract 6068.05; Howard County; Maryland,B01003_001,5147,525,0.011,0.08,0.11,0.188,0,3.8,0.027,0.662,5147,2023,0.0622920766472817,0.0893841273219634
24017850713,Census Tract 8507.13; Charles County; Maryland,B01003_001,9814,1054,0.021,0.082,0.017,0.2,0.132,8.4,0.045,0.719,9814,2023,0.0645473748445511,0.0736040287425411
24021775400,Census Tract 7754; Frederick County; Maryland,B01003_001,3828,290,0.022,0.136,0.022,0.273,0.079,8.5,0.075,0.755,3828,2023,0.135757207870483,0.0920656458219662
24003730101,Census Tract 7301.01; Anne Arundel County; Maryland,B01003_001,2283,351,0.003,0.097,0.024,0.126,0,10.3,0.001,0.675,2283,2023,0.0769985765218735,0.145997057290805
24003701201,Census Tract 7012.01; Anne Arundel County; Maryland,B01003_001,3852,621,0.004,0.062,0.012,0.16,0,5.6,0.067,0.73,3852,2023,0.0428137481212616,0.106894337091396
24039930102,Census Tract 9301.02; Somerset County; Maryland,B01003_001,4223,447,0.027,0.146,0.006,0.286,0.142,10.8,0.02,0.566,4223,2023,0.108747251331806,0.149892836752413
24027606907,Census Tract 6069.07; Howard County; Maryland,B01003_001,6028,770,0.14,0.054,0.161,0.413,0.08,10.3,0.026,0.767,6028,2023,0.14096263051033,0.0980268826935705
24021751701,Census Tract 7517.01; Frederick County; Maryland,B01003_001,2666,608,0.006,0.105,0.003,0.17,0,6.3,0.007,0.605,2666,2023,0.0794578418135643,0.120391981217784
24003702208,Census Tract 7022.08; Anne Arundel County; Maryland,B01003_001,8536,1195,0.051,0.069,0.096,0.228,0,1.8,0.058,0.759,8536,2023,0.0767196267843247,0.0528733067379309
24033800514,Census Tract 8005.14; Prince George's County; Maryland,B01003_001,7063,1072,0.011,0.047,0.089,0.228,0.046,7.3,0.016,0.802,7063,2023,0.0431843884289265,0.0842535416391628
24009860501,Census Tract 8605.01; Calvert County; Maryland,B01003_001,6873,624,0.009,0.11,0.008,0.136,0.022,3.5,0.018,0.697,6873,2023,0.0522661916911602,0.0591176145782722
24031700830,Census Tract 7008.30; Montgomery County; Maryland,B01003_001,2680,491,0.031,0.054,0.176,0.265,0.127,12.1,0.038,0.706,2680,2023,0.0967013090848923,0.178646867783576
24031706012,Census Tract 7060.12; Montgomery County; Maryland,B01003_001,3230,358,0.062,0.249,0.174,0.522,0.06,10.1,0.12,0.637,3230,2023,0.273190379142761,0.0949998855398827
24043011502,Census Tract 115.02; Washington County; Maryland,B01003_001,3395,481,0.039,0.119,0.003,0.15,0,5.3,0.052,0.647,3395,2023,0.0866241380572319,0.124300189535387
24011955202,Census Tract 9552.02; Caroline County; Maryland,B01003_001,2380,307,0.018,0.189,0.001,0.201,0.027,5.5,0.042,0.66,2380,2023,0.108903147280216,0.173025473462542
24001001900,Census Tract 19; Allegany County; Maryland,B01003_001,2734,339,0.007,0.109,0.008,0.206,0.132,11.4,0.089,0.662,2734,2023,0.10569716989994,0.17092304276822
24017851401,Census Tract 8514.01; Charles County; Maryland,B01003_001,2987,531,0.025,0.103,0.008,0.136,0.262,31.5,0.009,0.69,2987,2023,0.0633019432425499,0.12166521510905
24009861004,Census Tract 8610.04; Calvert County; Maryland,B01003_001,6710,683,0.011,0.086,0.002,0.214,0.087,6.4,0.024,0.7,6710,2023,0.0592067800462246,0.072655540432221
24025301107,Census Tract 3011.07; Harford County; Maryland,B01003_001,3619,366,0.017,0.157,0.051,0.359,0.255,18.8,0.07,0.763,3619,2023,0.163614466786385,0.0887963413656202
24510080200,Census Tract 802; Baltimore city; Maryland,B01003_001,1008,177,0.053,0.428,0,0.723,0.887,15.3,0.034,0.538,1008,2023,0.825697898864746,0.342595248780312
24510010400,Census Tract 104; Baltimore city; Maryland,B01003_001,3082,493,0.006,0.078,0.044,0.223,0,10.3,0.081,0.829,3082,2023,0.0942990481853485,0.158992110949746
24510060100,Census Tract 601; Baltimore city; Maryland,B01003_001,2677,585,0.012,0.075,0.046,0.442,0.143,24.4,0.03,0.64,2677,2023,0.140528485178947,0.210724751396471
24510140200,Census Tract 1402; Baltimore city; Maryland,B01003_001,2385,848,0.046,0.086,0.027,0.372,0.825,28.2,0.362,0.519,2385,2023,0.633237421512604,0.312693291587215
24033801213,Census Tract 8012.13; Prince George's County; Maryland,B01003_001,4597,1015,0.086,0.076,0.199,0.353,0,4.7,0.067,0.579,4597,2023,0.233887329697609,0.131244130663527
24005451702,Census Tract 4517.02; Baltimore County; Maryland,B01003_001,1845,332,0.002,0.122,0.009,0.183,0,14,0.06,0.669,1845,2023,0.122019812464714,0.149011526163351
24005404800,Census Tract 4048; Baltimore County; Maryland,B01003_001,2155,253,0.003,0.095,0.013,0.107,0,10.9,0.036,0.637,2155,2023,0.0864996761083603,0.19155373769986
24003702300,Census Tract 7023; Anne Arundel County; Maryland,B01003_001,5927,722,0.013,0.077,0.009,0.111,0,2.7,0.023,0.679,5927,2023,0.0407828167080879,0.0808446235141201
24003730601,Census Tract 7306.01; Anne Arundel County; Maryland,B01003_001,6977,770,0.007,0.076,0.011,0.127,0.032,3.8,0.033,0.668,6977,2023,0.035442229360342,0.0633751949726916
24003731303,Census Tract 7313.03; Anne Arundel County; Maryland,B01003_001,6144,668,0.015,0.102,0.009,0.116,0,3.6,0.073,0.616,6144,2023,0.0867102816700935,0.0636936321089235
24033801704,Census Tract 8017.04; Prince George's County; Maryland,B01003_001,4664,703,0.026,0.211,0.056,0.535,0,4.9,0.055,0.714,4664,2023,0.266233325004578,0.156906075246017
24033801701,Census Tract 8017.01; Prince George's County; Maryland,B01003_001,4469,1065,0.058,0.125,0.056,0.542,0.165,14,0.108,0.723,4469,2023,0.19071039557457,0.163926639390065
24033806100,Census Tract 8061; Prince George's County; Maryland,B01003_001,4353,587,0.105,0.073,0.166,0.292,0,4.2,0.029,0.743,4353,2023,0.122549034655094,0.175869006444107
24033807000,Census Tract 8070; Prince George's County; Maryland,B01003_001,8311,954,0.101,0.109,0.21,0.385,0.262,19.2,0.051,0.653,8311,2023,0.171355918049812,0.140489681583964
24005492700,Census Tract 4927; Baltimore County; Maryland,B01003_001,2667,760,0.008,0.198,0.036,0.358,0.466,38.3,0.079,0.511,2667,2023,0.258580327033997,0.160154444036374
24033800507,Census Tract 8005.07; Prince George's County; Maryland,B01003_001,3158,533,0.005,0.108,0.033,0.241,0.056,8.7,0.101,0.673,3158,2023,0.123666852712631,0.134087249757999
24005490703,Census Tract 4907.03; Baltimore County; Maryland,B01003_001,2992,339,0.006,0.095,0.014,0.342,0.023,3.5,0.048,0.824,2992,2023,0.119043439626694,0.164190356555668
24005408703,Census Tract 4087.03; Baltimore County; Maryland,B01003_001,6621,915,0.018,0.078,0.073,0.317,0,3.1,0.016,0.687,6621,2023,0.0922045111656189,0.0939182600787148
24005411101,Census Tract 4111.01; Baltimore County; Maryland,B01003_001,2242,243,0.009,0.093,0.006,0.14,0.052,7.5,0,0.578,2242,2023,0.0784559100866318,0.137029687417187
24033803613,Census Tract 8036.13; Prince George's County; Maryland,B01003_001,7018,1130,0.098,0.126,0.195,0.426,0.125,10.1,0.058,0.753,7018,2023,0.167230248451233,0.145852629495293
24033807102,Census Tract 8071.02; Prince George's County; Maryland,B01003_001,3088,473,0.049,0.072,0.122,0.241,0,6.9,0.041,0.661,3088,2023,0.115778729319572,0.183838801744295
24033806711,Census Tract 8067.11; Prince George's County; Maryland,B01003_001,4979,605,0.05,0.116,0.122,0.529,0.078,6.4,0.038,0.686,4979,2023,0.166110962629318,0.166497996758793
24033806900,Census Tract 8069; Prince George's County; Maryland,B01003_001,4861,798,0.175,0.07,0.305,0.09,0.101,11.7,0.043,0.779,4861,2023,0.143136918544769,0.156715538013752
24017851004,Census Tract 8510.04; Charles County; Maryland,B01003_001,5671,622,0.056,0.102,0.026,0.45,0.049,4.7,0.005,0.607,5671,2023,0.1559217274189,0.116599324244949
24021767500,Census Tract 7675; Frederick County; Maryland,B01003_001,2529,379,0.016,0.173,0.016,0.264,0.026,4.1,0.029,0.574,2529,2023,0.119213782250881,0.138190785691363
24031703502,Census Tract 7035.02; Montgomery County; Maryland,B01003_001,2796,477,0.059,0.128,0.158,0.462,0,6.7,0.008,0.635,2796,2023,0.180425480008125,0.129338318692609
24031701304,Census Tract 7013.04; Montgomery County; Maryland,B01003_001,6407,1002,0.004,0.096,0.017,0.231,0.133,9.6,0.022,0.632,6407,2023,0.0567952916026115,0.0724218039982728
24031705000,Census Tract 7050; Montgomery County; Maryland,B01003_001,4443,464,0.022,0.096,0.018,0.252,0.052,6,0.046,0.689,4443,2023,0.0839514210820198,0.115793039590445
24031705300,Census Tract 7053; Montgomery County; Maryland,B01003_001,1860,155,0.002,0.065,0.013,0.136,0,8.7,0.028,0.58,1860,2023,0.0959906429052353,0.162323323308119
24031701703,Census Tract 7017.03; Montgomery County; Maryland,B01003_001,3900,659,0.113,0.083,0.242,0.251,0.081,9.7,0.02,0.745,3900,2023,0.131081789731979,0.235776586029865
24031700706,Census Tract 7007.06; Montgomery County; Maryland,B01003_001,4580,439,0.047,0.074,0.208,0.231,0.108,10.1,0.036,0.778,4580,2023,0.0841416493058205,0.129266105981735
24043011600,Census Tract 116; Washington County; Maryland,B01003_001,2708,387,0.016,0.136,0.002,0.244,0,12.6,0.117,0.634,2708,2023,0.148442924022675,0.126613230613165
24043010700,Census Tract 107; Washington County; Maryland,B01003_001,3304,485,0.015,0.14,0.01,0.277,0.335,21.9,0.019,0.628,3304,2023,0.113500386476517,0.131514835090356
24043011100,Census Tract 111; Washington County; Maryland,B01003_001,5933,699,0.039,0.129,0.008,0.338,0.096,12.7,0.028,0.624,5933,2023,0.142151489853859,0.152705284660448
24039930600,Census Tract 9306; Somerset County; Maryland,B01003_001,2617,402,0.03,0.238,0.01,0.469,0.267,22.7,0.106,0.57,2617,2023,0.296834766864777,0.16309661046369
24037875803,Census Tract 8758.03; St. Mary's County; Maryland,B01003_001,5555,509,0.026,0.081,0.02,0.121,0,3,0.008,0.677,5555,2023,0.051768708974123,0.104759656287195
24025302902,Census Tract 3029.02; Harford County; Maryland,B01003_001,4535,450,0.008,0.211,0.021,0.255,0.063,8.8,0.018,0.649,4535,2023,0.157501980662346,0.155221071835326
24025303201,Census Tract 3032.01; Harford County; Maryland,B01003_001,5869,723,0.005,0.076,0.028,0.114,0.032,4.9,0.022,0.67,5869,2023,0.0385275222361088,0.091005472753988
24025303700,Census Tract 3037; Harford County; Maryland,B01003_001,3940,438,0.015,0.159,0.003,0.221,0,5.6,0.035,0.613,3940,2023,0.0889285504817963,0.105726802585676
24025301105,Census Tract 3011.05; Harford County; Maryland,B01003_001,3592,337,0.005,0.113,0.017,0.23,0,4.9,0.016,0.671,3592,2023,0.0677595138549805,0.110769260371308
24027602100,Census Tract 6021; Howard County; Maryland,B01003_001,9101,1325,0.014,0.067,0.07,0.115,0.023,4.7,0.017,0.686,9101,2023,0.0398719795048237,0.0563822807986501
24027605602,Census Tract 6056.02; Howard County; Maryland,B01003_001,8443,907,0.008,0.096,0.064,0.278,0.018,2.8,0.061,0.703,8443,2023,0.0868639200925827,0.084348638558119
24510250500,Census Tract 2505; Baltimore city; Maryland,B01003_001,4417,759,0.085,0.236,0.055,0.359,0.328,25.8,0.057,0.699,4417,2023,0.249344855546951,0.172107284975484
24035811000,Census Tract 8110; Queen Anne's County; Maryland,B01003_001,4754,504,0.034,0.116,0.035,0.293,0.217,17,0.03,0.645,4754,2023,0.0980425849556923,0.0909448890561773
24031700314,Census Tract 7003.14; Montgomery County; Maryland,B01003_001,3567,603,0,0.1,0.18,0.139,0,5.7,0.06,0.759,3567,2023,0.0515282936394215,0.130228397613641
24031700315,Census Tract 7003.15; Montgomery County; Maryland,B01003_001,6335,1019,0.024,0.063,0.149,0.115,0.069,5.6,0.048,0.694,6335,2023,0.0432978756725788,0.0669817900923535
24031700731,Census Tract 7007.31; Montgomery County; Maryland,B01003_001,3901,524,0.19,0.108,0.357,0.374,0.443,28.5,0.086,0.767,3901,2023,0.242989599704742,0.215045282414239
24031700727,Census Tract 7007.27; Montgomery County; Maryland,B01003_001,1889,327,0.238,0.175,0.447,0.244,0.245,17.5,0.056,0.705,1889,2023,0.227247297763824,0.212633538454545
24033800217,Census Tract 8002.17; Prince George's County; Maryland,B01003_001,4086,620,0.034,0.078,0.041,0.251,0.029,3.6,0.062,0.626,4086,2023,0.100093550980091,0.150152089681118
24033807500,Census Tract 8075; Prince George's County; Maryland,B01003_001,7182,925,0.063,0.088,0.103,0.299,0.051,5.6,0.073,0.685,7182,2023,0.144998580217361,0.154379925256463
24033800521,Census Tract 8005.21; Prince George's County; Maryland,B01003_001,6876,657,0.005,0.143,0.013,0.471,0.044,5.2,0.098,0.613,6876,2023,0.166204571723938,0.0930461645184712
24510250301,Census Tract 2503.01; Baltimore city; Maryland,B01003_001,1943,513,0.071,0.256,0.037,0.661,0.419,31,0.133,0.54,1943,2023,0.462531983852387,0.258219357362505
24001001401,Census Tract 14.01; Allegany County; Maryland,B01003_001,4083,473,0.006,0.162,0.009,0.228,0.066,12.1,0.03,0.626,4083,2023,0.0708342865109444,0.153797167063629
24017850300,Census Tract 8503; Charles County; Maryland,B01003_001,1842,289,0.014,0.092,0.016,0.223,0.103,12.9,0.026,0.537,1842,2023,0.0921307727694511,0.183508615347368
24017850201,Census Tract 8502.01; Charles County; Maryland,B01003_001,979,195,0.104,0.087,0.027,0.456,0,15.4,0.021,0.75,979,2023,0.393461287021637,0.165186916647911
24031701508,Census Tract 7015.08; Montgomery County; Maryland,B01003_001,4278,960,0.069,0.074,0.124,0.455,0.044,6.2,0.102,0.762,4278,2023,0.161583229899406,0.175132166347653
24031700718,Census Tract 7007.18; Montgomery County; Maryland,B01003_001,5748,728,0.011,0.174,0.137,0.416,0.211,21.2,0.076,0.561,5748,2023,0.249099299311638,0.123839780588349
24031700610,Census Tract 7006.10; Montgomery County; Maryland,B01003_001,1869,202,0.032,0.074,0.107,0.215,0.021,2.2,0.028,0.635,1869,2023,0.0921550169587135,0.16021434822045
24027602600,Census Tract 6026; Howard County; Maryland,B01003_001,7843,978,0.064,0.138,0.097,0.292,0.038,4.8,0.054,0.652,7843,2023,0.131723508238792,0.0739704375779048
24009860801,Census Tract 8608.01; Calvert County; Maryland,B01003_001,6592,839,0.017,0.088,0,0.13,0.02,2.9,0.008,0.641,6592,2023,0.051768708974123,0.0806469942891623
24009860702,Census Tract 8607.02; Calvert County; Maryland,B01003_001,2846,334,0.019,0.09,0.017,0.261,0.062,5.9,0.014,0.651,2846,2023,0.100004337728024,0.114960845093888
24005490500,Census Tract 4905; Baltimore County; Maryland,B01003_001,3513,421,0.012,0.088,0.006,0.245,0.043,6.8,0.039,0.583,3513,2023,0.0855236276984215,0.13308456077565
24005408900,Census Tract 4089; Baltimore County; Maryland,B01003_001,2656,464,0.014,0.096,0.052,0.151,0,7,0.016,0.738,2656,2023,0.0795599147677422,0.159618463187695
24005402407,Census Tract 4024.07; Baltimore County; Maryland,B01003_001,1039,146,0.027,0.153,0.062,0.4,0,31,0.094,0.688,1039,2023,0.299564361572266,0.197591190460978
24005404402,Census Tract 4044.02; Baltimore County; Maryland,B01003_001,6188,666,0.02,0.082,0.032,0.241,0.163,19.1,0.072,0.719,6188,2023,0.111636117100716,0.14695642705073
24005410100,Census Tract 4101; Baltimore County; Maryland,B01003_001,5920,647,0.01,0.07,0.004,0.164,0.022,3.5,0.041,0.598,5920,2023,0.0484229028224945,0.07534136889591
24035810902,Census Tract 8109.02; Queen Anne's County; Maryland,B01003_001,2768,291,0.011,0.133,0,0.235,0,7.1,0.102,0.674,2768,2023,0.139627456665039,0.110510614762707
24001000800,Census Tract 8; Allegany County; Maryland,B01003_001,1972,328,0.049,0.221,0,0.355,0.379,14.6,0.08,0.602,1972,2023,0.273468613624573,0.246413697189387
24001001503,Census Tract 15.03; Allegany County; Maryland,B01003_001,1736,242,0.023,0.226,0.012,0.222,0.187,16.6,0.075,0.62,1736,2023,0.202298223972321,0.178839942104811
24021752601,Census Tract 7526.01; Frederick County; Maryland,B01003_001,4526,233,0.002,0.084,0.005,0.173,0,3.8,0.054,0.691,4526,2023,0.0592067800462246,0.0982797167516605
24021752102,Census Tract 7521.02; Frederick County; Maryland,B01003_001,7276,662,0.034,0.082,0.058,0.114,0,2.4,0.018,0.713,7276,2023,0.0548540018498898,0.0503540866955868
24021751802,Census Tract 7518.02; Frederick County; Maryland,B01003_001,4021,986,0.007,0.063,0.002,0.064,0.023,4.1,0.046,0.753,4021,2023,0.0300350841134787,0.0906113370726911
24009860502,Census Tract 8605.02; Calvert County; Maryland,B01003_001,3085,503,0.013,0.105,0,0.193,0,7.2,0.036,0.639,3085,2023,0.0760806202888489,0.107282147454665
24009860402,Census Tract 8604.02; Calvert County; Maryland,B01003_001,3843,467,0.023,0.089,0.004,0.207,0,4.6,0.027,0.742,3843,2023,0.0631363540887833,0.108489650842268
24003730401,Census Tract 7304.01; Anne Arundel County; Maryland,B01003_001,5557,701,0.05,0.134,0.083,0.274,0.223,16.4,0.017,0.701,5557,2023,0.131723508238792,0.128457574127482
24041960201,Census Tract 9602.01; Talbot County; Maryland,B01003_001,4113,496,0,0.163,0.005,0.239,0.14,17.4,0.03,0.494,4113,2023,0.0937491729855537,0.164655478926579
24011955302,Census Tract 9553.02; Caroline County; Maryland,B01003_001,3400,343,0.056,0.248,0.007,0.368,0.248,14.5,0.063,0.541,3400,2023,0.284761726856232,0.139177023137098
24009860600,Census Tract 8606; Calvert County; Maryland,B01003_001,6601,879,0.011,0.073,0.003,0.145,0.027,3.9,0.044,0.666,6601,2023,0.035442229360342,0.0699129083592061
24510090800,Census Tract 908; Baltimore city; Maryland,B01003_001,1796,492,0.027,0.268,0.027,0.406,0.314,27.7,0.112,0.459,1796,2023,0.319414436817169,0.299292697484534
24510070200,Census Tract 702; Baltimore city; Maryland,B01003_001,3177,917,0.199,0.213,0.148,0.405,0.467,26.6,0.057,0.553,3177,2023,0.368194878101349,0.226443575899949
24510020300,Census Tract 203; Baltimore city; Maryland,B01003_001,3816,617,0.007,0.039,0.008,0.376,0.255,34.5,0.021,0.84,3816,2023,0.08979532122612,0.141398838252634
24021751600,Census Tract 7516; Frederick County; Maryland,B01003_001,2880,413,0,0.08,0.024,0.068,0.091,9,0.052,0.601,2880,2023,0.0697644650936127,0.124516664066302
24003751600,Census Tract 7516; Anne Arundel County; Maryland,B01003_001,5007,638,0.011,0.17,0.012,0.394,0,8.4,0.03,0.33,5007,2023,0.151262193918228,0.088059785116116
24033800105,Census Tract 8001.05; Prince George's County; Maryland,B01003_001,3474,283,0.033,0.071,0.092,0.464,0.061,9.8,0.032,0.703,3474,2023,0.115629456937313,0.140744668135736
24033803300,Census Tract 8033; Prince George's County; Maryland,B01003_001,4546,704,0.075,0.13,0.135,0.384,0.044,7.7,0.033,0.646,4546,2023,0.154094487428665,0.166123905202249
24045010701,Census Tract 107.01; Wicomico County; Maryland,B01003_001,4335,475,0.022,0.156,0.001,0.268,0.06,4.8,0.034,0.684,4335,2023,0.100443542003632,0.147500089948752
24045010400,Census Tract 104; Wicomico County; Maryland,B01003_001,7953,897,0.014,0.127,0.081,0.22,0,2.5,0.113,0.596,7953,2023,0.117534145712852,0.124132302679995
24033804900,Census Tract 8049; Prince George's County; Maryland,B01003_001,3752,628,0.109,0.23,0.162,0.397,0.254,15.4,0.105,0.601,3752,2023,0.301538676023483,0.171862006183123
24033806400,Census Tract 8064; Prince George's County; Maryland,B01003_001,3837,435,0.048,0.064,0.086,0.154,0,6.9,0.029,0.685,3837,2023,0.0835599526762962,0.199251758456571
24033800106,Census Tract 8001.06; Prince George's County; Maryland,B01003_001,3439,586,0.004,0.063,0.072,0.427,0.029,3.3,0.067,0.808,3439,2023,0.102167069911957,0.156533698648079
24037875202,Census Tract 8752.02; St. Mary's County; Maryland,B01003_001,6220,920,0.019,0.095,0.071,0.218,0.049,8.1,0.043,0.704,6220,2023,0.0676326677203178,0.0913354796867373
24005451802,Census Tract 4518.02; Baltimore County; Maryland,B01003_001,3988,628,0.028,0.167,0.009,0.263,0.32,22.7,0.03,0.595,3988,2023,0.120110005140305,0.149966741618435
24005404502,Census Tract 4045.02; Baltimore County; Maryland,B01003_001,3999,500,0.059,0.171,0.052,0.379,0.38,22.4,0.091,0.557,3999,2023,0.260272085666657,0.152195970881045
24005451100,Census Tract 4511; Baltimore County; Maryland,B01003_001,2284,397,0.017,0.09,0.064,0.2,0.084,7,0.08,0.772,2284,2023,0.115591578185558,0.177437963877102
24005492600,Census Tract 4926; Baltimore County; Maryland,B01003_001,3667,494,0,0.07,0.059,0.339,0.102,13.5,0.033,0.694,3667,2023,0.0979245379567146,0.109122653862999
24021750504,Census Tract 7505.04; Frederick County; Maryland,B01003_001,5444,831,0.008,0.059,0.055,0.284,0.334,18.1,0.006,0.803,5444,2023,0.0677562355995178,0.136989375036599
24043010802,Census Tract 108.02; Washington County; Maryland,B01003_001,2621,351,0.024,0.155,0.03,0.239,0.197,13.8,0.048,0.652,2621,2023,0.11441395431757,0.134766551292904
24043000700,Census Tract 7; Washington County; Maryland,B01003_001,3291,564,0.031,0.25,0.022,0.313,0.572,23.4,0.088,0.603,3291,2023,0.202405244112015,0.23675368105515
24031700209,Census Tract 7002.09; Montgomery County; Maryland,B01003_001,4547,774,0.008,0.053,0.018,0.156,0.012,2.1,0.033,0.705,4547,2023,0.0442247651517391,0.0941490107132647
24033800216,Census Tract 8002.16; Prince George's County; Maryland,B01003_001,3812,471,0.036,0.099,0.112,0.33,0.015,2.8,0.052,0.794,3812,2023,0.127645522356033,0.148204734598584
24027604001,Census Tract 6040.01; Howard County; Maryland,B01003_001,6556,1032,0.014,0.118,0.031,0.077,0,2.6,0.026,0.647,6556,2023,0.0606920719146729,0.0552330545796686
24031701414,Census Tract 7014.14; Montgomery County; Maryland,B01003_001,7254,792,0.037,0.098,0.168,0.232,0.099,14.1,0.047,0.698,7254,2023,0.0845825970172882,0.110947486710997
24027606807,Census Tract 6068.07; Howard County; Maryland,B01003_001,2362,325,0.025,0.038,0.114,0.14,0,5.8,0.039,0.652,2362,2023,0.0673571527004242,0.114333203808107
24031701704,Census Tract 7017.04; Montgomery County; Maryland,B01003_001,2864,314,0.059,0.059,0.084,0.238,0.057,5.6,0.054,0.687,2864,2023,0.102778241038322,0.146983252428302
24031700835,Census Tract 7008.35; Montgomery County; Maryland,B01003_001,4705,920,0.058,0.097,0.193,0.13,0.04,6.3,0.088,0.705,4705,2023,0.111073933541775,0.136855439871718
24005407001,Census Tract 4070.01; Baltimore County; Maryland,B01003_001,3198,304,0,0.096,0.008,0.168,0.112,10,0.042,0.687,3198,2023,0.0619214326143265,0.111648092351194
24005401301,Census Tract 4013.01; Baltimore County; Maryland,B01003_001,3426,561,0.017,0.125,0.021,0.504,0.138,14.8,0.035,0.748,3426,2023,0.136505290865898,0.166793482272256
24005411404,Census Tract 4114.04; Baltimore County; Maryland,B01003_001,3671,679,0.041,0.083,0.049,0.175,0.123,13.6,0.014,0.691,3671,2023,0.0838713571429253,0.188417687355106
24031702301,Census Tract 7023.01; Montgomery County; Maryland,B01003_001,3712,487,0.178,0.047,0.399,0.307,0.169,13.2,0.059,0.747,3712,2023,0.183202087879181,0.16521397459577
24031704502,Census Tract 7045.02; Montgomery County; Maryland,B01003_001,2979,371,0.002,0.052,0.045,0.1,0.066,7.3,0.012,0.714,2979,2023,0.046064630150795,0.0945405091506611
24031700310,Census Tract 7003.10; Montgomery County; Maryland,B01003_001,6709,791,0.066,0.089,0.161,0.306,0.163,18.4,0.017,0.799,6709,2023,0.119699388742447,0.11998891405428
24017851403,Census Tract 8514.03; Charles County; Maryland,B01003_001,1783,421,0.019,0.14,0,0.204,0.057,7.8,0.042,0.683,1783,2023,0.123629927635193,0.156816672066226
24025303101,Census Tract 3031.01; Harford County; Maryland,B01003_001,6571,1199,0.004,0.1,0.022,0.114,0.016,2.7,0.046,0.749,6571,2023,0.0453877449035645,0.0858763905361178
24025301204,Census Tract 3012.04; Harford County; Maryland,B01003_001,4194,518,0.022,0.052,0.019,0.194,0,4.6,0.063,0.786,4194,2023,0.0454396829009056,0.114745856859554
24025306400,Census Tract 3064; Harford County; Maryland,B01003_001,7376,546,0.01,0.081,0.013,0.192,0.014,2.3,0.038,0.697,7376,2023,0.0592067800462246,0.0985707329288669
24510270200,Census Tract 2702; Baltimore city; Maryland,B01003_001,1701,240,0.004,0.113,0.028,0.355,0,11.8,0.021,0.709,1701,2023,0.220742672681808,0.181673355074601
24510280403,Census Tract 2804.03; Baltimore city; Maryland,B01003_001,4212,592,0.002,0.109,0.008,0.196,0.178,30.4,0.013,0.754,4212,2023,0.0609191879630089,0.191310560278378
24510270902,Census Tract 2709.02; Baltimore city; Maryland,B01003_001,4110,505,0.02,0.121,0.05,0.627,0.037,7.6,0.043,0.584,4110,2023,0.250671178102493,0.171475980759157
24510280401,Census Tract 2804.01; Baltimore city; Maryland,B01003_001,3074,516,0.043,0.183,0,0.527,0.236,21.3,0.066,0.618,3074,2023,0.240388244390488,0.184050715387818
24013507500,Census Tract 5075; Carroll County; Maryland,B01003_001,5351,421,0,0.155,0.011,0.168,0.059,6.4,0.045,0.648,5351,2023,0.0705311149358749,0.108624715904894
24005451402,Census Tract 4514.02; Baltimore County; Maryland,B01003_001,4991,1208,0.024,0.133,0.192,0.38,0.304,28.7,0.026,0.648,4991,2023,0.125525519251823,0.165633842686386
24021752900,Census Tract 7529; Frederick County; Maryland,B01003_001,3152,426,0.035,0.096,0.004,0.255,0.149,14.1,0.012,0.695,3152,2023,0.109008707106113,0.137552601995631
24023000700,Census Tract 7; Garrett County; Maryland,B01003_001,5534,498,0.032,0.22,0.006,0.27,0.222,10.6,0.065,0.564,5534,2023,0.182268708944321,0.108157527851573
24031705602,Census Tract 7056.02; Montgomery County; Maryland,B01003_001,3899,343,0.013,0.148,0.048,0.489,0,16.9,0.006,0.53,3899,2023,0.193963721394539,0.122530766482347
24035810600,Census Tract 8106; Queen Anne's County; Maryland,B01003_001,5015,441,0.02,0.117,0.033,0.115,0.127,10,0.038,0.684,5015,2023,0.0606920719146729,0.0948423558263047
24015030903,Census Tract 309.03; Cecil County; Maryland,B01003_001,5637,689,0.006,0.083,0.004,0.294,0.303,15.9,0.09,0.702,5637,2023,0.108378037810326,0.113615834960604
24003740105,Census Tract 7401.05; Anne Arundel County; Maryland,B01003_001,4533,868,0.025,0.061,0.04,0.274,0.039,4.6,0.059,0.866,4533,2023,0.073096826672554,0.115748033987595
24003751700,Census Tract 7517; Anne Arundel County; Maryland,B01003_001,2815,369,0.016,0.082,0.027,0.103,0,6.1,0.014,0.651,2815,2023,0.0709069147706032,0.128280774058668
24003740800,Census Tract 7408; Anne Arundel County; Maryland,B01003_001,4790,837,0.015,0.086,0.023,0.314,0,4.3,0.053,0.646,4790,2023,0.0922045111656189,0.0987574341693105
24033802804,Census Tract 8028.04; Prince George's County; Maryland,B01003_001,5074,828,0.036,0.174,0.05,0.423,0.101,12.2,0.104,0.609,5074,2023,0.218066230416298,0.152280244164846
24033802501,Census Tract 8025.01; Prince George's County; Maryland,B01003_001,2456,338,0.035,0.112,0.068,0.488,0.459,29.4,0.078,0.656,2456,2023,0.19917006790638,0.173372342753467
24033803602,Census Tract 8036.02; Prince George's County; Maryland,B01003_001,2199,410,0.072,0.13,0.12,0.612,0.434,26.9,0.031,0.61,2199,2023,0.355741024017334,0.182280691192813
24033801307,Census Tract 8013.07; Prince George's County; Maryland,B01003_001,3708,433,0.029,0.113,0.045,0.248,0.096,11.2,0.021,0.608,3708,2023,0.112541250884533,0.0989486344649625
24031703701,Census Tract 7037.01; Montgomery County; Maryland,B01003_001,4315,572,0.252,0.106,0.375,0.216,0.396,23.8,0.037,0.724,4315,2023,0.211513787508011,0.152036466789461
24031700815,Census Tract 7008.15; Montgomery County; Maryland,B01003_001,8110,935,0.079,0.126,0.272,0.312,0.176,11.5,0.062,0.694,8110,2023,0.145279288291931,0.107567617868804
24031705502,Census Tract 7055.02; Montgomery County; Maryland,B01003_001,4167,466,0.02,0.147,0.036,0.381,0,4.6,0.031,0.551,4167,2023,0.177727773785591,0.12393264676285
24031700711,Census Tract 7007.11; Montgomery County; Maryland,B01003_001,6919,666,0.031,0.089,0.237,0.239,0.046,3.9,0.034,0.756,6919,2023,0.0863369405269623,0.136280051948316
24031700101,Census Tract 7001.01; Montgomery County; Maryland,B01003_001,4722,532,0.028,0.123,0.057,0.172,0.021,4.8,0.056,0.6,4722,2023,0.0904225558042526,0.096309168342135
24031701002,Census Tract 7010.02; Montgomery County; Maryland,B01003_001,3943,328,0.019,0.137,0.114,0.215,0,5.6,0.018,0.565,3943,2023,0.12323684990406,0.100243340285639
24031706009,Census Tract 7060.09; Montgomery County; Maryland,B01003_001,5343,654,0,0.056,0.062,0.112,0.053,7.2,0.039,0.588,5343,2023,0.0387295223772526,0.0714486611660876
24031705501,Census Tract 7055.01; Montgomery County; Maryland,B01003_001,2166,316,0.07,0.114,0.076,0.344,0.171,25.1,0.021,0.773,2166,2023,0.184200957417488,0.152035281665037
24015031400,Census Tract 314; Cecil County; Maryland,B01003_001,3869,463,0.014,0.133,0.019,0.146,0.012,2.3,0.072,0.568,3869,2023,0.0949970856308937,0.107220257798555
24017850802,Census Tract 8508.02; Charles County; Maryland,B01003_001,6036,889,0.029,0.107,0.024,0.38,0.056,6.8,0.031,0.761,6036,2023,0.115936070680618,0.127454538849291
24009860703,Census Tract 8607.03; Calvert County; Maryland,B01003_001,4119,462,0.014,0.116,0.006,0.327,0.291,20.3,0.022,0.69,4119,2023,0.120999917387962,0.0933211896056184
24031701424,Census Tract 7014.24; Montgomery County; Maryland,B01003_001,3580,683,0.065,0.06,0.287,0.28,0.09,10.7,0.049,0.745,3580,2023,0.136537417769432,0.203300205458731
24003740106,Census Tract 7401.06; Anne Arundel County; Maryland,B01003_001,3222,577,0.024,0.086,0.01,0.262,0.101,13.8,0.029,0.71,3222,2023,0.0918338745832443,0.124574827078197
24003701104,Census Tract 7011.04; Anne Arundel County; Maryland,B01003_001,3383,456,0.014,0.093,0.02,0.308,0.041,6.1,0.036,0.646,3383,2023,0.0918338745832443,0.117362036278709
24037875201,Census Tract 8752.01; St. Mary's County; Maryland,B01003_001,5611,528,0.02,0.091,0.002,0.191,0,3.1,0.049,0.65,5611,2023,0.0645473748445511,0.0966149289207437
24031701307,Census Tract 7013.07; Montgomery County; Maryland,B01003_001,4509,825,0.01,0.04,0.147,0.082,0.06,9,0.027,0.795,4509,2023,0.0338316187262535,0.10584168045123
24031700901,Census Tract 7009.01; Montgomery County; Maryland,B01003_001,5139,719,0.026,0.177,0.272,0.37,0,11.9,0.07,0.647,5139,2023,0.206632435321808,0.106848700943881
24031703220,Census Tract 7032.20; Montgomery County; Maryland,B01003_001,5089,738,0.026,0.15,0.161,0.34,0,4.8,0.092,0.643,5089,2023,0.168451383709908,0.193363876069278
24027602700,Census Tract 6027; Howard County; Maryland,B01003_001,5887,505,0.02,0.109,0.066,0.15,0.031,2.9,0.019,0.647,5887,2023,0.0734707415103912,0.0785094288245711
24027601203,Census Tract 6012.03; Howard County; Maryland,B01003_001,10016,1453,0.004,0.04,0.073,0.241,0.199,16.9,0.052,0.701,10016,2023,0.0667141079902649,0.0466315419323337
24033800707,Census Tract 8007.07; Prince George's County; Maryland,B01003_001,3502,458,0.042,0.106,0.038,0.292,0.01,1.7,0.048,0.599,3502,2023,0.125394999980927,0.132994010455048
24021752501,Census Tract 7525.01; Frederick County; Maryland,B01003_001,5557,590,0.043,0.1,0.038,0.139,0.188,18,0.048,0.716,5557,2023,0.0683780238032341,0.0642884635724495
24021751902,Census Tract 7519.02; Frederick County; Maryland,B01003_001,5720,547,0.005,0.094,0.01,0.271,0,3.4,0.025,0.733,5720,2023,0.0796529576182365,0.0775313048038051
24003708001,Census Tract 7080.01; Anne Arundel County; Maryland,B01003_001,3867,731,0.012,0.107,0.05,0.125,0,5.5,0.034,0.645,3867,2023,0.0522280670702457,0.117167669203842
24009860901,Census Tract 8609.01; Calvert County; Maryland,B01003_001,5216,844,0.014,0.133,0.014,0.234,0,5.9,0.023,0.602,5216,2023,0.0994738861918449,0.0880202604287324
24005403704,Census Tract 4037.04; Baltimore County; Maryland,B01003_001,5232,1063,0.002,0.123,0.047,0.323,0.052,7.6,0.008,0.642,5232,2023,0.0927019938826561,0.146841633553353
24043010901,Census Tract 109.01; Washington County; Maryland,B01003_001,6913,1014,0.004,0.09,0.048,0.116,0.023,2.6,0.017,0.694,6913,2023,0.0495134145021439,0.0988411042750787
24005411202,Census Tract 4112.02; Baltimore County; Maryland,B01003_001,4115,842,0.01,0.111,0.008,0.15,0,3.8,0.015,0.649,4115,2023,0.0677595138549805,0.107262469406232
24005492200,Census Tract 4922; Baltimore County; Maryland,B01003_001,4589,671,0.062,0.092,0.023,0.221,0.105,13.3,0,0.596,4589,2023,0.0940272808074951,0.179327713119489
24005440800,Census Tract 4408; Baltimore County; Maryland,B01003_001,3347,555,0.019,0.184,0.117,0.491,0.12,17.3,0.093,0.769,3347,2023,0.198195859789848,0.131778212863068
24003702704,Census Tract 7027.04; Anne Arundel County; Maryland,B01003_001,2715,304,0.066,0.028,0.044,0.329,0,23.3,0,0.755,2715,2023,0.134584292769432,0.136485301182728
24003730508,Census Tract 7305.08; Anne Arundel County; Maryland,B01003_001,2459,487,0.004,0.074,0.07,0.593,0.101,15.6,0.093,0.679,2459,2023,0.303092181682587,0.183254081451345
24003701302,Census Tract 7013.02; Anne Arundel County; Maryland,B01003_001,3985,617,0.004,0.129,0.002,0.178,0.075,13.2,0.072,0.617,3985,2023,0.0899474248290062,0.118715283348186
24021772200,Census Tract 7722; Frederick County; Maryland,B01003_001,1800,323,0,0.112,0.011,0.389,0.79,14.4,0.032,0.639,1800,2023,0.200636699795723,0.16685046030847
24003740603,Census Tract 7406.03; Anne Arundel County; Maryland,B01003_001,2724,366,0.025,0.064,0.04,0.134,0.157,10.4,0.022,0.888,2724,2023,0.0517992191016674,0.133122630041149
24003740303,Census Tract 7403.03; Anne Arundel County; Maryland,B01003_001,5444,998,0.032,0.102,0.05,0.177,0,2.9,0.043,0.726,5444,2023,0.0635069981217384,0.113327774958306
24003730902,Census Tract 7309.02; Anne Arundel County; Maryland,B01003_001,3989,525,0.016,0.078,0.018,0.128,0.021,2.6,0.012,0.653,3989,2023,0.0544833615422249,0.0926778300321563
24005404201,Census Tract 4042.01; Baltimore County; Maryland,B01003_001,6360,1227,0.01,0.15,0.048,0.306,0.117,12.1,0.166,0.699,6360,2023,0.13684219121933,0.147300298637201
24005402304,Census Tract 4023.04; Baltimore County; Maryland,B01003_001,3396,386,0.005,0.159,0.02,0.408,0,7.5,0.053,0.626,3396,2023,0.123263359069824,0.161069740357781
24025301707,Census Tract 3017.07; Harford County; Maryland,B01003_001,4189,760,0.006,0.158,0.001,0.271,0.13,15.7,0.03,0.668,4189,2023,0.0951029509305954,0.105523995363122
24025301201,Census Tract 3012.01; Harford County; Maryland,B01003_001,1777,155,0.012,0.112,0.009,0.277,0.031,5,0.067,0.592,1777,2023,0.1507897824049,0.134977324258885
24013505206,Census Tract 5052.06; Carroll County; Maryland,B01003_001,3005,282,0.008,0.118,0.009,0.319,0.022,3.1,0.021,0.69,3005,2023,0.101149946451187,0.111049632260121
24013509002,Census Tract 5090.02; Carroll County; Maryland,B01003_001,2513,256,0.029,0.078,0.019,0.172,0,10.1,0.093,0.645,2513,2023,0.099613294005394,0.107905061830151
24027605502,Census Tract 6055.02; Howard County; Maryland,B01003_001,4400,603,0.013,0.056,0.064,0.349,0.034,3.7,0.004,0.692,4400,2023,0.0996322184801102,0.132426123570872
24031704100,Census Tract 7041; Montgomery County; Maryland,B01003_001,4530,542,0.008,0.126,0.029,0.253,0,3.5,0.024,0.646,4530,2023,0.0875341966748238,0.0973769642483068
24031702900,Census Tract 7029; Montgomery County; Maryland,B01003_001,5341,594,0.003,0.092,0.019,0.263,0,3.6,0.039,0.725,5341,2023,0.0796529576182365,0.133510824956143
24031705800,Census Tract 7058; Montgomery County; Maryland,B01003_001,6235,580,0.002,0.072,0.011,0.184,0.001,0.3,0.027,0.693,6235,2023,0.0482208952307701,0.0615345379680251
24005430600,Census Tract 4306; Baltimore County; Maryland,B01003_001,2361,248,0.027,0.078,0.022,0.293,0,10.7,0.056,0.762,2361,2023,0.141751825809479,0.127627994405169
24005408503,Census Tract 4085.03; Baltimore County; Maryland,B01003_001,4001,841,0.066,0.096,0.172,0.297,0.059,11.2,0.101,0.759,4001,2023,0.147013455629349,0.137686210581745
24005408505,Census Tract 4085.05; Baltimore County; Maryland,B01003_001,3714,273,0,0.1,0.062,0.233,0.064,6.2,0.079,0.656,3714,2023,0.109010182321072,0.132548902871964
24033803528,Census Tract 8035.28; Prince George's County; Maryland,B01003_001,7371,615,0.021,0.167,0.038,0.296,0.04,10.2,0.079,0.624,7371,2023,0.147510394454002,0.107230197499274
24045010605,Census Tract 106.05; Wicomico County; Maryland,B01003_001,4384,688,0.023,0.094,0.018,0.163,0.025,3.8,0.043,0.658,4384,2023,0.0645473748445511,0.160995419749935
24033800520,Census Tract 8005.20; Prince George's County; Maryland,B01003_001,2368,285,0.034,0.138,0.023,0.505,0,8.5,0.046,0.75,2368,2023,0.192949861288071,0.152443463089123
24027604004,Census Tract 6040.04; Howard County; Maryland,B01003_001,4624,720,0.001,0.052,0.021,0.037,0,3.4,0.033,0.673,4624,2023,0.0345313921570778,0.0799640698074427
24033801313,Census Tract 8013.13; Prince George's County; Maryland,B01003_001,3497,537,0.027,0.065,0.131,0.324,0.01,1.9,0.056,0.724,3497,2023,0.0758114829659462,0.14013932430067
24031703902,Census Tract 7039.02; Montgomery County; Maryland,B01003_001,8743,1119,0.053,0.07,0.198,0.251,0.187,15.4,0.093,0.713,8743,2023,0.128274649381638,0.0869668370513468
24031703404,Census Tract 7034.04; Montgomery County; Maryland,B01003_001,3831,575,0.306,0.064,0.359,0.2,0.197,16.6,0.064,0.744,3831,2023,0.212735667824745,0.158574749160738
24031700608,Census Tract 7006.08; Montgomery County; Maryland,B01003_001,5594,598,0.018,0.074,0.097,0.13,0,3.4,0.056,0.588,5594,2023,0.076085776090622,0.0666934267261626
24005403703,Census Tract 4037.03; Baltimore County; Maryland,B01003_001,2238,209,0.012,0.145,0.035,0.355,0.104,12.7,0.054,0.527,2238,2023,0.218855828046799,0.192084440282587
24033802502,Census Tract 8025.02; Prince George's County; Maryland,B01003_001,2553,464,0.06,0.105,0.052,0.488,0,6.7,0.096,0.703,2553,2023,0.208002597093582,0.170450478316048
24033801406,Census Tract 8014.06; Prince George's County; Maryland,B01003_001,2964,537,0.087,0.086,0.154,0.51,0.157,16,0.07,0.729,2964,2023,0.195705786347389,0.158550444638999
24033800102,Census Tract 8001.02; Prince George's County; Maryland,B01003_001,3011,501,0.083,0.137,0.234,0.26,0.185,20.5,0.033,0.773,3011,2023,0.137389183044434,0.157178888314571
24033804300,Census Tract 8043; Prince George's County; Maryland,B01003_001,3556,641,0.086,0.077,0.193,0.37,0.177,14.6,0.018,0.748,3556,2023,0.133837878704071,0.176747048274211
24033804001,Census Tract 8040.01; Prince George's County; Maryland,B01003_001,5413,599,0.126,0.073,0.183,0.37,0.105,9,0.167,0.744,5413,2023,0.259084850549698,0.18790005062553
24033805904,Census Tract 8059.04; Prince George's County; Maryland,B01003_001,4059,503,0.221,0.073,0.326,0.219,0.24,19.9,0.025,0.658,4059,2023,0.162755906581879,0.238976340692062
24033803606,Census Tract 8036.06; Prince George's County; Maryland,B01003_001,5101,518,0.169,0.11,0.273,0.253,0.194,17.3,0.097,0.735,5101,2023,0.193691447377205,0.159288712845441
24041960300,Census Tract 9603; Talbot County; Maryland,B01003_001,3854,427,0.012,0.206,0.094,0.525,0.306,24.7,0.045,0.581,3854,2023,0.331165820360184,0.134823668279249
24043000601,Census Tract 6.01; Washington County; Maryland,B01003_001,2582,372,0.041,0.124,0.046,0.407,0.233,20.7,0.112,0.585,2582,2023,0.204105377197266,0.226304756381999
24510260201,Census Tract 2602.01; Baltimore city; Maryland,B01003_001,5719,971,0.058,0.117,0.028,0.432,0.186,24.2,0.021,0.677,5719,2023,0.144808024168015,0.183084569817137
24510040100,Census Tract 401; Baltimore city; Maryland,B01003_001,6359,624,0.019,0.119,0.047,0.362,1,20.2,0.025,0.839,6359,2023,0.112487681210041,0.221097454960356
24510150800,Census Tract 1508; Baltimore city; Maryland,B01003_001,4506,827,0.05,0.203,0,0.461,0.418,38.9,0.083,0.559,4506,2023,0.287863105535507,0.272540275237838
24510210200,Census Tract 2102; Baltimore city; Maryland,B01003_001,3337,504,0.031,0.217,0.05,0.398,0.321,28.6,0.07,0.558,3337,2023,0.288202255964279,0.257993074406163
24510150200,Census Tract 1502; Baltimore city; Maryland,B01003_001,2225,578,0.041,0.278,0.02,0.559,0.405,33.5,0.14,0.352,2225,2023,0.517306804656982,0.338107204173485
24510250204,Census Tract 2502.04; Baltimore city; Maryland,B01003_001,4263,810,0.097,0.23,0,0.795,0.623,15.2,0.104,0.416,4263,2023,0.535644471645355,0.234347217470399
24023000502,Census Tract 5.02; Garrett County; Maryland,B01003_001,2765,397,0.016,0.124,0.004,0.17,0.05,8.1,0.032,0.602,2765,2023,0.103390172123909,0.145438045068097
24021752206,Census Tract 7522.06; Frederick County; Maryland,B01003_001,6592,672,0.022,0.042,0.068,0.152,0.019,3.1,0.037,0.78,6592,2023,0.0485249757766724,0.0615253806786715
24015031302,Census Tract 313.02; Cecil County; Maryland,B01003_001,6366,638,0.03,0.089,0.063,0.19,0.025,3.6,0.068,0.673,6366,2023,0.0676326677203178,0.0768250433611122
24017850600,Census Tract 8506; Charles County; Maryland,B01003_001,4812,649,0.017,0.167,0.007,0.226,0.135,16.6,0.034,0.668,4812,2023,0.0758717060089111,0.122498740669821
24031702800,Census Tract 7028; Montgomery County; Maryland,B01003_001,5459,861,0.001,0.104,0.035,0.334,0,4.4,0.033,0.795,5459,2023,0.106066226959229,0.142022560352737
24031701211,Census Tract 7012.11; Montgomery County; Maryland,B01003_001,5831,718,0.04,0.079,0.156,0.294,0.002,1.8,0.052,0.727,5831,2023,0.10502877086401,0.111562554968317
24043011204,Census Tract 112.04; Washington County; Maryland,B01003_001,4801,1076,0.024,0.146,0.059,0.237,0.135,14.6,0.07,0.649,4801,2023,0.132000431418419,0.169397745059319
24037875904,Census Tract 8759.04; St. Mary's County; Maryland,B01003_001,5379,732,0.083,0.085,0.1,0.371,0.27,19.2,0.018,0.739,5379,2023,0.134844273328781,0.104703798753043
24025302802,Census Tract 3028.02; Harford County; Maryland,B01003_001,5559,632,0.013,0.121,0.078,0.366,0.194,14.5,0.052,0.633,5559,2023,0.129374712705612,0.135043530891992
24027605103,Census Tract 6051.03; Howard County; Maryland,B01003_001,5486,768,0.001,0.069,0.054,0.055,0.004,0.8,0.033,0.668,5486,2023,0.0345313921570778,0.0693130095729744
24047950100,Census Tract 9501; Worcester County; Maryland,B01003_001,2035,304,0.014,0.153,0.048,0.503,0.463,46.3,0.053,0.634,2035,2023,0.20392008125782,0.164949674405444
24021751201,Census Tract 7512.01; Frederick County; Maryland,B01003_001,6299,762,0.008,0.072,0.038,0.141,0.038,3.6,0.027,0.623,6299,2023,0.0361160300672054,0.111990588647228
24021752201,Census Tract 7522.01; Frederick County; Maryland,B01003_001,2341,285,0.036,0.114,0.024,0.099,0,8.7,0.01,0.645,2341,2023,0.0881772413849831,0.114946735373166
24003750400,Census Tract 7504; Anne Arundel County; Maryland,B01003_001,4139,582,0.013,0.105,0.042,0.146,0.041,6.4,0.014,0.612,4139,2023,0.059052124619484,0.154228706982849
24001002100,Census Tract 21; Allegany County; Maryland,B01003_001,2773,412,0.028,0.201,0.009,0.235,0.181,14,0.083,0.454,2773,2023,0.176338449120522,0.151109770427803
24031700828,Census Tract 7008.28; Montgomery County; Maryland,B01003_001,2061,221,0.014,0.048,0.123,0.206,0,9.1,0.032,0.77,2061,2023,0.0793798267841339,0.168774837403963
24031700904,Census Tract 7009.04; Montgomery County; Maryland,B01003_001,4016,545,0.078,0.064,0.327,0.347,0.181,20.7,0.027,0.708,4016,2023,0.176631256937981,0.144085781878313
24001001600,Census Tract 16; Allegany County; Maryland,B01003_001,1279,179,0.006,0.212,0.022,0.274,0.148,13.5,0.08,0.443,1279,2023,0.184374883770943,0.181619826335908
24027601108,Census Tract 6011.08; Howard County; Maryland,B01003_001,3691,451,0.042,0.074,0.089,0.241,0,5.4,0.023,0.815,3691,2023,0.0881638452410698,0.109035927309317
24003750201,Census Tract 7502.01; Anne Arundel County; Maryland,B01003_001,3634,629,0.128,0.142,0.08,0.343,0.213,24.6,0.035,0.56,3634,2023,0.25573405623436,0.135503359478107
24033804002,Census Tract 8040.02; Prince George's County; Maryland,B01003_001,4786,668,0.115,0.071,0.324,0.361,0.157,12.8,0.061,0.606,4786,2023,0.217050448060036,0.184348774534657
24013507601,Census Tract 5076.01; Carroll County; Maryland,B01003_001,4656,434,0.048,0.18,0.048,0.287,0.032,4.1,0.028,0.752,4656,2023,0.150162756443024,0.101295481277474
24033805000,Census Tract 8050; Prince George's County; Maryland,B01003_001,5921,1358,0.086,0.119,0.253,0.512,0.043,7.8,0.06,0.665,5921,2023,0.185152992606163,0.173276550545881
24035810700,Census Tract 8107; Queen Anne's County; Maryland,B01003_001,3875,508,0.02,0.101,0.02,0.181,0.08,6.9,0.021,0.707,3875,2023,0.0672620311379433,0.107134369493171
24003730606,Census Tract 7306.06; Anne Arundel County; Maryland,B01003_001,4615,593,0.041,0.069,0.043,0.196,0,3.3,0.035,0.72,4615,2023,0.0661746859550476,0.0828243662436581
24031700614,Census Tract 7006.14; Montgomery County; Maryland,B01003_001,5940,813,0.042,0.159,0.11,0.404,0.037,3.5,0.068,0.722,5940,2023,0.153950095176697,0.114933422779624
24021752001,Census Tract 7520.01; Frederick County; Maryland,B01003_001,5369,616,0.011,0.107,0.03,0.139,0,3.1,0.042,0.755,5369,2023,0.0453877449035645,0.074877146996847
24017851301,Census Tract 8513.01; Charles County; Maryland,B01003_001,5585,650,0.089,0.094,0.063,0.081,0.152,11.7,0.012,0.623,5585,2023,0.107226341962814,0.077212023885424
24021775302,Census Tract 7753.02; Frederick County; Maryland,B01003_001,5676,480,0.018,0.1,0.034,0.222,0,2.8,0.031,0.724,5676,2023,0.0635069981217384,0.0784243451683523
24017851100,Census Tract 8511; Charles County; Maryland,B01003_001,2967,533,0,0.083,0.022,0.182,0.108,13.3,0.056,0.67,2967,2023,0.0738253220915794,0.131173128160298
24035810100,Census Tract 8101; Queen Anne's County; Maryland,B01003_001,2701,368,0.043,0.122,0.026,0.199,0.111,12.7,0.091,0.647,2701,2023,0.114123053848743,0.146331367006041
24005404404,Census Tract 4044.04; Baltimore County; Maryland,B01003_001,5821,759,0.037,0.152,0.054,0.33,0,3.5,0.037,0.657,5821,2023,0.140380874276161,0.132716648863001
24003750101,Census Tract 7501.01; Anne Arundel County; Maryland,B01003_001,4808,783,0.064,0.134,0.127,0.216,0.044,6.3,0.07,0.61,4808,2023,0.173008665442467,0.180042392485104
24005492001,Census Tract 4920.01; Baltimore County; Maryland,B01003_001,1283,167,0,0.161,0.011,0.481,0.324,30.1,0.058,0.636,1283,2023,0.225067764520645,0.192025145023198
24021751203,Census Tract 7512.03; Frederick County; Maryland,B01003_001,2181,183,0.047,0.13,0.006,0.296,0,11.3,0.011,0.474,2181,2023,0.180523559451103,0.155233189398724
24013503000,Census Tract 5030; Carroll County; Maryland,B01003_001,5265,845,0.012,0.173,0.018,0.083,0,4.5,0,0.654,5265,2023,0.0390005894005299,0.0911519713191994
24025305300,Census Tract 3053; Harford County; Maryland,B01003_001,2110,335,0.047,0.161,0.026,0.136,0.246,17.8,0.006,0.523,2110,2023,0.125556781888008,0.121778640628934
24031703401,Census Tract 7034.01; Montgomery County; Maryland,B01003_001,5248,545,0.173,0.096,0.297,0.237,0.132,17.6,0.099,0.708,5248,2023,0.205537483096123,0.149224227045468
24015030601,Census Tract 306.01; Cecil County; Maryland,B01003_001,3904,628,0.009,0.056,0.019,0.24,0.012,2,0.034,0.629,3904,2023,0.0639319866895676,0.111426774851673
24037876200,Census Tract 8762; St. Mary's County; Maryland,B01003_001,7254,1134,0.015,0.165,0.001,0.136,0.106,14.9,0.053,0.606,7254,2023,0.0800448432564735,0.0847409320765777
24510260900,Census Tract 2609; Baltimore city; Maryland,B01003_001,3768,395,0.045,0.094,0.02,0.364,0.194,26.4,0.037,0.908,3768,2023,0.254212468862534,0.13298086871392
24510190100,Census Tract 1901; Baltimore city; Maryland,B01003_001,1665,420,0.074,0.178,0.044,0.562,0.601,40.4,0.17,0.51,1665,2023,0.475158989429474,0.365524030673125
24009861100,Census Tract 8611; Calvert County; Maryland,B01003_001,6267,565,0.005,0.099,0.016,0.146,0.006,1.1,0.029,0.697,6267,2023,0.0464281216263771,0.0812187710687419
24033802204,Census Tract 8022.04; Prince George's County; Maryland,B01003_001,4969,732,0.031,0.131,0.023,0.551,0.034,6.4,0.052,0.624,4969,2023,0.153744727373123,0.158500348718183
24510250402,Census Tract 2504.02; Baltimore city; Maryland,B01003_001,4156,792,0.085,0.113,0.105,0.512,0.662,22.7,0.193,0.635,4156,2023,0.309547483921051,0.184569035118325
24510200600,Census Tract 2006; Baltimore city; Maryland,B01003_001,2346,500,0.034,0.207,0.033,0.512,0.043,5.5,0.1,0.576,2346,2023,0.299920052289963,0.383383811465143
24510170200,Census Tract 1702; Baltimore city; Maryland,B01003_001,2318,377,0.095,0.205,0.012,0.538,0.635,29.7,0.16,0.515,2318,2023,0.426241129636765,0.294650004789107
24510272006,Census Tract 2720.06; Baltimore city; Maryland,B01003_001,3663,415,0.066,0.194,0.049,0.397,0.19,15.7,0.026,0.557,3663,2023,0.239911153912544,0.164344933877988
24045010501,Census Tract 105.01; Wicomico County; Maryland,B01003_001,5484,610,0.006,0.126,0.05,0.283,0.192,18.5,0.032,0.576,5484,2023,0.106247656047344,0.157851001175224
24005402603,Census Tract 4026.03; Baltimore County; Maryland,B01003_001,6057,625,0.02,0.167,0.054,0.397,0.102,19.2,0.056,0.584,6057,2023,0.15737783908844,0.130270201590951
24031700812,Census Tract 7008.12; Montgomery County; Maryland,B01003_001,4572,651,0.056,0.169,0.23,0.368,0.12,10.1,0.137,0.656,4572,2023,0.23676535487175,0.156656063026851
24031700606,Census Tract 7006.06; Montgomery County; Maryland,B01003_001,4000,450,0.024,0.073,0.161,0.139,0.003,0.7,0.044,0.635,4000,2023,0.0534835420548916,0.0839635007210356
24021752205,Census Tract 7522.05; Frederick County; Maryland,B01003_001,3754,807,0.019,0.044,0.087,0.058,0,3.2,0.014,0.767,3754,2023,0.0384609624743462,0.088727407530793
24031700837,Census Tract 7008.37; Montgomery County; Maryland,B01003_001,6738,998,0.013,0.064,0.24,0.292,0.109,10.5,0.067,0.731,6738,2023,0.0860158428549767,0.150481781985694
24027606708,Census Tract 6067.08; Howard County; Maryland,B01003_001,6303,870,0.012,0.092,0.047,0.32,0.242,18.8,0.051,0.715,6303,2023,0.0868639200925827,0.0831848969741125
24017851302,Census Tract 8513.02; Charles County; Maryland,B01003_001,4377,575,0.007,0.11,0.002,0.153,0.012,2,0.013,0.7,4377,2023,0.0650448575615883,0.116954596023065
24005406000,Census Tract 4060; Baltimore County; Maryland,B01003_001,5570,615,0.001,0.058,0.007,0.172,0,3,0.027,0.671,5570,2023,0.0442247651517391,0.0818647980280219
24033802201,Census Tract 8022.01; Prince George's County; Maryland,B01003_001,5232,799,0.055,0.066,0.019,0.485,0.166,16.9,0.054,0.78,5232,2023,0.141918838024139,0.165103130906427
24033807405,Census Tract 8074.05; Prince George's County; Maryland,B01003_001,6932,998,0.09,0.077,0.221,0.225,0.092,9.3,0.039,0.785,6932,2023,0.107470288872719,0.154203281074704
24033801905,Census Tract 8019.05; Prince George's County; Maryland,B01003_001,6705,1320,0.008,0.114,0.033,0.379,0.262,24.2,0.03,0.76,6705,2023,0.107147090137005,0.123672543578715
24033804700,Census Tract 8047; Prince George's County; Maryland,B01003_001,3370,456,0.036,0.131,0.109,0.249,0.01,2.4,0.048,0.708,3370,2023,0.114599727094173,0.192397269806696
24510250401,Census Tract 2504.01; Baltimore city; Maryland,B01003_001,4437,758,0.132,0.211,0.101,0.398,0.21,14.7,0.028,0.626,4437,2023,0.255196213722229,0.249048748295564
24031703222,Census Tract 7032.22; Montgomery County; Maryland,B01003_001,4314,673,0.051,0.081,0.2,0.392,0.308,19.7,0.083,0.755,4314,2023,0.172156065702438,0.135109032227727
24033800609,Census Tract 8006.09; Prince George's County; Maryland,B01003_001,4003,604,0.042,0.17,0.076,0.383,0.081,9.6,0.037,0.62,4003,2023,0.157966941595078,0.118706184834886
24025301402,Census Tract 3014.02; Harford County; Maryland,B01003_001,2686,361,0.021,0.119,0.015,0.262,0.264,22.2,0.015,0.713,2686,2023,0.111010208725929,0.157992026139817
24031704700,Census Tract 7047; Montgomery County; Maryland,B01003_001,3577,479,0.003,0.037,0.082,0.1,0,5.5,0.014,0.661,3577,2023,0.0372460447251797,0.119705954065051
24031700813,Census Tract 7008.13; Montgomery County; Maryland,B01003_001,5297,694,0.042,0.111,0.268,0.352,0.04,6.9,0.048,0.715,5297,2023,0.158465906977654,0.150647591717138
24041960700,Census Tract 9607; Talbot County; Maryland,B01003_001,3903,472,0.02,0.137,0.029,0.275,0.019,3.2,0.046,0.467,3903,2023,0.120096497237682,0.148716406467764
24033800800,Census Tract 8008; Prince George's County; Maryland,B01003_001,3514,519,0.016,0.092,0.014,0.216,0.129,19,0.081,0.7,3514,2023,0.0918614268302917,0.10709698363581
24003750300,Census Tract 7503; Anne Arundel County; Maryland,B01003_001,2400,499,0.034,0.111,0.005,0.282,0.032,6.1,0.056,0.732,2400,2023,0.118316799402237,0.180248056006808
24005421101,Census Tract 4211.01; Baltimore County; Maryland,B01003_001,2994,435,0.061,0.115,0.015,0.339,0.01,1.8,0.062,0.651,2994,2023,0.158013179898262,0.190790536823326
24005491900,Census Tract 4919; Baltimore County; Maryland,B01003_001,2000,284,0.045,0.17,0.021,0.201,0.227,22.4,0.03,0.654,2000,2023,0.124482460319996,0.169916267823362
24005451600,Census Tract 4516; Baltimore County; Maryland,B01003_001,1813,283,0.066,0.215,0.003,0.271,0,23.3,0.025,0.637,1813,2023,0.194610357284546,0.190687330808505
24005401000,Census Tract 4010; Baltimore County; Maryland,B01003_001,2314,251,0.046,0.111,0.012,0.252,0,8.6,0.042,0.561,2314,2023,0.140248954296112,0.149526763603125
24033800900,Census Tract 8009; Prince George's County; Maryland,B01003_001,1536,321,0.017,0.148,0.004,0.246,0.149,19.1,0.02,0.629,1536,2023,0.150477901101112,0.123442200920645
24033801405,Census Tract 8014.05; Prince George's County; Maryland,B01003_001,4195,752,0.114,0.079,0.25,0.266,0.092,9.9,0.018,0.634,4195,2023,0.156751617789269,0.184151678736772
24033806501,Census Tract 8065.01; Prince George's County; Maryland,B01003_001,5397,364,0.259,0.043,0.329,0.167,0.206,17,0.03,0.657,5397,2023,0.214146688580513,0.171521031629244
24033800212,Census Tract 8002.12; Prince George's County; Maryland,B01003_001,7362,1182,0.05,0.109,0.092,0.388,0.033,5.4,0.025,0.628,7362,2023,0.155150189995766,0.10090584566202
24005411309,Census Tract 4113.09; Baltimore County; Maryland,B01003_001,8538,793,0.031,0.168,0.046,0.29,0,2.4,0.03,0.596,8538,2023,0.120480641722679,0.0647199111807262
24005411201,Census Tract 4112.01; Baltimore County; Maryland,B01003_001,3128,310,0.045,0.095,0.019,0.105,0.035,4.8,0.006,0.635,3128,2023,0.0949714705348015,0.107437901436937
24005441000,Census Tract 4410; Baltimore County; Maryland,B01003_001,4001,713,0.009,0.067,0.015,0.511,0.23,26.1,0.072,0.661,4001,2023,0.139823347330093,0.158023426744498
24005401102,Census Tract 4011.02; Baltimore County; Maryland,B01003_001,816,206,0.049,0.139,0.096,0.564,0,37.4,0.152,0.61,816,2023,0.508233845233917,0.201588404226861
24005402305,Census Tract 4023.05; Baltimore County; Maryland,B01003_001,2703,513,0.027,0.077,0.034,0.425,0.207,16.9,0.084,0.692,2703,2023,0.179754972457886,0.167286987055613
24005490100,Census Tract 4901; Baltimore County; Maryland,B01003_001,4037,419,0,0.082,0.055,0.109,0,4.2,0.007,0.646,4037,2023,0.0522280670702457,0.14832806790422
24019970400,Census Tract 9704; Dorchester County; Maryland,B01003_001,3259,483,0.029,0.187,0.03,0.321,0.298,24.9,0.117,0.57,3259,2023,0.170751467347145,0.174889640444452
24015030602,Census Tract 306.02; Cecil County; Maryland,B01003_001,5166,471,0.014,0.051,0.047,0.212,0.141,14.1,0.012,0.654,5166,2023,0.0526506453752518,0.0935981332737751
24037875602,Census Tract 8756.02; St. Mary's County; Maryland,B01003_001,7628,916,0.023,0.093,0.034,0.254,0.013,2.3,0.019,0.688,7628,2023,0.0870367139577866,0.081382295087972
24013504100,Census Tract 5041; Carroll County; Maryland,B01003_001,5297,599,0.025,0.13,0.016,0.163,0.011,1.5,0.062,0.682,5297,2023,0.0703854486346245,0.0878060348541063
24043001001,Census Tract 10.01; Washington County; Maryland,B01003_001,4478,625,0.018,0.163,0.022,0.378,0.226,19.7,0.043,0.618,4478,2023,0.14172825217247,0.196669989442255
24025304102,Census Tract 3041.02; Harford County; Maryland,B01003_001,3878,342,0.006,0.119,0.005,0.187,0.049,6.2,0.02,0.696,3878,2023,0.0677595138549805,0.0976700086664451
24025303803,Census Tract 3038.03; Harford County; Maryland,B01003_001,5097,378,0.034,0.168,0.109,0.247,0.048,7.8,0.048,0.642,5097,2023,0.098361037671566,0.112120344300154
24510130804,Census Tract 1308.04; Baltimore city; Maryland,B01003_001,1495,146,0.028,0.133,0.008,0.399,0.087,9.9,0.031,0.772,1495,2023,0.214422643184662,0.182274554474552
24510150600,Census Tract 1506; Baltimore city; Maryland,B01003_001,2876,908,0.034,0.282,0,0.653,0.57,38.6,0.101,0.503,2876,2023,0.444877028465271,0.344000352361656
24510250101,Census Tract 2501.01; Baltimore city; Maryland,B01003_001,3936,1015,0.007,0.169,0.05,0.652,0.018,2.9,0.013,0.617,3936,2023,0.203838035464287,0.209376206042048
24031700903,Census Tract 7009.03; Montgomery County; Maryland,B01003_001,2095,156,0.071,0.126,0.246,0.233,0.198,15.6,0.034,0.709,2095,2023,0.157442286610603,0.161910756011426
24510110200,Census Tract 1102; Baltimore city; Maryland,B01003_001,5697,678,0.006,0.206,0.012,0.442,0,13.6,0.018,0.749,5697,2023,0.178155243396759,0.168989080659387
24031704503,Census Tract 7045.03; Montgomery County; Maryland,B01003_001,3965,518,0.007,0.052,0.061,0.191,0.03,3.5,0.018,0.718,3965,2023,0.0500247105956078,0.10362487645478
24003730511,Census Tract 7305.11; Anne Arundel County; Maryland,B01003_001,1483,223,0,0.214,0.033,0.453,0.184,19.2,0.02,0.733,1483,2023,0.247961223125458,0.210689073895698
24013505102,Census Tract 5051.02; Carroll County; Maryland,B01003_001,5974,643,0.023,0.146,0.021,0.092,0,3,0.057,0.722,5974,2023,0.0752182900905609,0.0674045240433898
24013506200,Census Tract 5062; Carroll County; Maryland,B01003_001,5570,683,0.003,0.131,0,0.186,0.053,7.8,0.004,0.634,5570,2023,0.0740059986710548,0.0790108877564388
24005408507,Census Tract 4085.07; Baltimore County; Maryland,B01003_001,6437,788,0.055,0.125,0.136,0.297,0.44,25.8,0.045,0.738,6437,2023,0.122111581265926,0.0909702617804094
24005402511,Census Tract 4025.11; Baltimore County; Maryland,B01003_001,5625,1258,0,0.109,0.028,0.534,0,3.2,0.046,0.75,5625,2023,0.12845005095005,0.13919551291824
24003702702,Census Tract 7027.02; Anne Arundel County; Maryland,B01003_001,3740,530,0.01,0.085,0.019,0.164,0.078,9.2,0.051,0.569,3740,2023,0.0574714802205563,0.121428143104615
24047950600,Census Tract 9506; Worcester County; Maryland,B01003_001,2922,399,0,0.159,0.005,0.288,0.034,6,0.081,0.481,2922,2023,0.141374915838242,0.14150344467225
24021750701,Census Tract 7507.01; Frederick County; Maryland,B01003_001,5978,546,0.133,0.079,0.162,0.123,0.172,12.5,0.038,0.763,5978,2023,0.0961843878030777,0.108111178323677
24003740203,Census Tract 7402.03; Anne Arundel County; Maryland,B01003_001,5754,509,0.014,0.083,0.047,0.164,0,3.3,0.029,0.644,5754,2023,0.0676326677203178,0.110001742948519
24009860902,Census Tract 8609.02; Calvert County; Maryland,B01003_001,2764,376,0.009,0.122,0.012,0.235,0.054,8.6,0.051,0.75,2764,2023,0.0963761508464813,0.120773137067451
24003702205,Census Tract 7022.05; Anne Arundel County; Maryland,B01003_001,5659,591,0.029,0.073,0.036,0.363,0.077,11,0.038,0.74,5659,2023,0.108789131045341,0.0858296115249053
24033801807,Census Tract 8018.07; Prince George's County; Maryland,B01003_001,4651,1371,0.01,0.083,0.025,0.54,0.02,3.9,0.072,0.728,4651,2023,0.147211402654648,0.171620458885924
24031700724,Census Tract 7007.24; Montgomery County; Maryland,B01003_001,3324,543,0.165,0.238,0.327,0.537,0.198,17.2,0.065,0.703,3324,2023,0.343578666448593,0.189504887613346
24033801809,Census Tract 8018.09; Prince George's County; Maryland,B01003_001,4501,669,0.045,0.128,0.078,0.441,0.325,21.1,0.094,0.622,4501,2023,0.189036086201668,0.161193402224683
24510280600,Census Tract 2806; Baltimore city; Maryland,B01003_001,3591,576,0.063,0.231,0,0.721,0.869,9.9,0.131,0.508,3591,2023,0.637456119060516,0.311830568998357
24005452000,Census Tract 4520; Baltimore County; Maryland,B01003_001,2523,305,0.008,0.243,0.034,0.28,0.028,3.9,0.037,0.467,2523,2023,0.179924100637436,0.166215536731248
24033803521,Census Tract 8035.21; Prince George's County; Maryland,B01003_001,8491,1250,0.01,0.101,0.032,0.37,0,2.3,0.015,0.727,8491,2023,0.101309023797512,0.118077819826914
24510080600,Census Tract 806; Baltimore city; Maryland,B01003_001,1253,182,0.085,0.216,0,0.555,0.276,32.1,0.158,0.608,1253,2023,0.401205897331238,0.394109609085956
24031700617,Census Tract 7006.17; Montgomery County; Maryland,B01003_001,1949,209,0.029,0.045,0.176,0.226,0.024,3.8,0.019,0.666,1949,2023,0.0869313925504684,0.161739271360287
24033801207,Census Tract 8012.07; Prince George's County; Maryland,B01003_001,4562,594,0.02,0.164,0.049,0.198,0.066,6.1,0.062,0.634,4562,2023,0.0914718508720398,0.135949722856187
24013505205,Census Tract 5052.05; Carroll County; Maryland,B01003_001,3194,284,0,0.055,0.039,0.168,0.096,7.6,0.049,0.755,3194,2023,0.0458990409970284,0.111208361562448
24031700713,Census Tract 7007.13; Montgomery County; Maryland,B01003_001,5144,542,0.185,0.089,0.396,0.306,0.402,14.1,0.043,0.73,5144,2023,0.181980207562447,0.177632641497261
24003706303,Census Tract 7063.03; Anne Arundel County; Maryland,B01003_001,2762,404,0.078,0.179,0.071,0.572,0,9.1,0.086,0.586,2762,2023,0.318700075149536,0.150956250938148
24031703501,Census Tract 7035.01; Montgomery County; Maryland,B01003_001,6659,764,0.161,0.068,0.32,0.277,0.104,9.2,0.084,0.728,6659,2023,0.205086842179298,0.122927292747955
24510060400,Census Tract 604; Baltimore city; Maryland,B01003_001,1935,340,0.066,0.173,0.023,0.458,0.487,25.9,0.098,0.592,1935,2023,0.270593851804733,0.239391735188408
24033805908,Census Tract 8059.08; Prince George's County; Maryland,B01003_001,2763,551,0.046,0.041,0.257,0.497,0.21,26.7,0.047,0.882,2763,2023,0.206252112984657,0.187609951355991
24025303203,Census Tract 3032.03; Harford County; Maryland,B01003_001,3053,286,0.028,0.125,0,0.394,0,6.8,0.049,0.647,3053,2023,0.134347781538963,0.12256941490279
24005491402,Census Tract 4914.02; Baltimore County; Maryland,B01003_001,3097,534,0.04,0.096,0.025,0.388,0,6.2,0.088,0.725,3097,2023,0.165592804551125,0.138882269639729
24003706102,Census Tract 7061.02; Anne Arundel County; Maryland,B01003_001,2701,421,0.001,0.13,0.011,0.316,0.161,23.2,0.075,0.624,2701,2023,0.154045343399048,0.16732613215965
24031702603,Census Tract 7026.03; Montgomery County; Maryland,B01003_001,2224,461,0.012,0.103,0.083,0.303,0.313,27.1,0.027,0.877,2224,2023,0.244794636964798,0.204839846648385
24037875906,Census Tract 8759.06; St. Mary's County; Maryland,B01003_001,5087,527,0,0.112,0.004,0.233,0.167,15.9,0.037,0.758,5087,2023,0.0803232342004776,0.115958511649467
24019970804,Census Tract 9708.04; Dorchester County; Maryland,B01003_001,1818,254,0.018,0.146,0.001,0.185,0.342,29.1,0.035,0.601,1818,2023,0.140581727027893,0.196517791834654
